IdLog,IdUtilisateur,IdSession,Horodatage,Page,Action,Appareil,Pays,TempsReponseMs,CodeStatut,CategorieProduit,ChiffreAffaires
1,UTIL0141,SESSION00251,2025-04-25 04:47:06,/accueil,cliquer_produit,tablette,Suisse,2313,200,Sport,0.0
2,UTIL0112,SESSION00239,2025-09-16 19:01:35,/produits,voir_page,ordinateur,Suisse,2312,200,Sport,0.0
3,UTIL0082,SESSION00433,2025-06-24 08:09:13,/accueil,cliquer_produit,mobile,France,459,200,Mode,0.0
4,UTIL0023,SESSION00471,2025-10-02 03:59:24,/commande,ajouter_panier,ordinateur,Belgique,1280,200,Beaute,0.0
5,UTIL0296,SESSION00197,2025-12-27 02:02:42,/paiement,passer_commande,ordinateur,Pays-Bas,1265,500,Telephonie,0.0
6,UTIL0195,SESSION00285,2025-08-21 20:53:23,/produits,voir_page,ordinateur,Italie,1535,200,Mode,0.0
7,UTIL0088,SESSION00547,2025-05-06 05:29:24,/produits,ajouter_panier,mobile,Suisse,2361,200,Mode,0.0
8,UTIL0118,SESSION00033,2025-06-11 12:17:04,/accueil,ajouter_panier,ordinateur,Belgique,1368,200,Sport,0.0
9,UTIL0074,SESSION00272,2025-03-13 07:47:35,/connexion,voir_page,tablette,Italie,2474,200,Beaute,0.0
10,UTIL0071,SESSION00522,2025-09-10 02:48:03,/panier,voir_page,ordinateur,Allemagne,735,200,Sport,0.0
11,UTIL0196,SESSION00480,2025-09-28 08:35:55,/contact,cliquer_produit,ordinateur,Suisse,549,200,Beaute,0.0
12,UTIL0058,SESSION00301,2025-08-11 05:29:00,/paiement,ajouter_panier,tablette,Suisse,1158,500,Telephonie,0.0
13,UTIL0153,SESSION00520,2025-11-08 06:09:23,/produits,voir_page,ordinateur,Belgique,2252,404,Beaute,0.0
14,UTIL0058,SESSION00372,2025-06-07 07:03:15,/accueil,voir_page,tablette,France,430,200,Telephonie,0.0
15,UTIL0065,SESSION00132,2025-12-04 15:35:10,/promotion,voir_page,mobile,Belgique,1813,404,Beaute,0.0
16,UTIL0160,SESSION00409,2025-12-10 20:23:28,/panier,ajouter_panier,tablette,Espagne,575,200,Informatique,0.0
17,UTIL0118,SESSION00226,2025-01-04 02:45:40,/promotion,voir_page,ordinateur,Allemagne,356,404,Telephonie,0.0
18,UTIL0122,SESSION00286,2025-12-09 15:13:34,/promotion,voir_page,ordinateur,Suisse,2418,200,Maison,0.0
19,UTIL0098,SESSION00097,2025-02-19 21:27:22,/contact,ajouter_panier,mobile,Espagne,1992,200,Informatique,0.0
20,UTIL0032,SESSION00413,2025-06-23 03:15:12,/produits,cliquer_produit,ordinateur,Belgique,1917,200,Maison,0.0
21,UTIL0039,SESSION00454,2025-10-09 03:03:41,/panier,voir_page,tablette,Pays-Bas,140,404,Telephonie,0.0
22,UTIL0209,SESSION00498,2025-09-04 06:55:25,/details-produit,ajouter_panier,ordinateur,Allemagne,1632,200,Sport,0.0
23,UTIL0147,SESSION00434,2025-12-23 23:50:35,/connexion,voir_page,tablette,Suisse,2073,200,Mode,0.0
24,UTIL0297,SESSION00556,2025-02-01 23:20:03,/accueil,voir_page,ordinateur,Belgique,2032,200,Telephonie,0.0
25,UTIL0261,SESSION00083,2025-04-06 02:38:04,/accueil,cliquer_produit,tablette,Pays-Bas,1043,200,Beaute,0.0
26,UTIL0042,SESSION00430,2025-12-03 18:36:33,/accueil,voir_page,mobile,Italie,916,200,Mode,0.0
27,UTIL0068,SESSION00308,2025-08-23 10:59:48,/contact,voir_page,ordinateur,France,1957,200,Beaute,0.0
28,UTIL0276,SESSION00219,2025-09-17 08:08:59,/produits,achat,mobile,France,1080,200,Maison,230.33
29,UTIL0271,SESSION00009,2025-12-08 17:19:59,/commande,cliquer_produit,tablette,France,630,200,Informatique,0.0
30,UTIL0140,SESSION00289,2025-11-06 06:45:21,/details-produit,ajouter_panier,ordinateur,Suisse,1161,200,Mode,0.0
31,UTIL0048,SESSION00434,2025-05-22 01:00:21,/accueil,passer_commande,ordinateur,Suisse,1152,200,Sport,0.0
32,UTIL0288,SESSION00010,2025-02-27 02:56:44,/contact,cliquer_produit,ordinateur,Belgique,227,200,Beaute,0.0
33,UTIL0066,SESSION00043,2025-06-07 11:57:59,/contact,cliquer_produit,ordinateur,Italie,940,200,Gaming,0.0
34,UTIL0209,SESSION00159,2025-05-02 05:51:51,/promotion,voir_page,ordinateur,Espagne,181,200,Mode,0.0
35,UTIL0128,SESSION00274,2025-03-23 22:06:24,/contact,ajouter_panier,ordinateur,Pays-Bas,2007,200,Telephonie,0.0
36,UTIL0157,SESSION00234,2025-04-25 00:42:12,/paiement,passer_commande,mobile,Italie,1221,200,Telephonie,0.0
37,UTIL0205,SESSION00550,2025-06-19 00:07:56,/promotion,voir_page,mobile,Allemagne,2458,404,Mode,0.0
38,UTIL0177,SESSION00322,2025-08-12 19:32:07,/contact,voir_page,mobile,Belgique,858,200,Gaming,0.0
39,UTIL0276,SESSION00202,2025-07-06 13:04:42,/promotion,voir_page,mobile,Belgique,1365,200,Informatique,0.0
40,UTIL0260,SESSION00317,2025-12-08 13:20:25,/commande,ajouter_panier,tablette,Italie,2350,200,Sport,0.0
41,UTIL0090,SESSION00583,2025-06-04 12:35:53,/contact,cliquer_produit,ordinateur,Italie,1255,200,Telephonie,0.0
42,UTIL0239,SESSION00453,2025-08-15 21:13:32,/paiement,cliquer_produit,mobile,Pays-Bas,775,200,Mode,0.0
43,UTIL0048,SESSION00241,2025-12-11 09:14:51,/paiement,cliquer_produit,ordinateur,Allemagne,180,200,Sport,0.0
44,UTIL0234,SESSION00425,2025-11-19 18:12:45,/produits,cliquer_produit,tablette,Espagne,2104,200,Maison,0.0
45,UTIL0055,SESSION00436,2025-04-23 05:51:44,/accueil,cliquer_produit,tablette,Espagne,285,200,Telephonie,0.0
46,UTIL0238,SESSION00544,2025-10-14 19:20:48,/details-produit,voir_page,mobile,Belgique,2147,200,Beaute,0.0
47,UTIL0244,SESSION00461,2025-05-13 07:53:40,/details-produit,voir_page,mobile,Pays-Bas,2215,200,Maison,0.0
48,UTIL0147,SESSION00241,2025-05-20 10:20:57,/produits,voir_page,tablette,France,646,200,Sport,0.0
49,UTIL0033,SESSION00425,2025-07-28 10:34:29,/panier,cliquer_produit,mobile,France,927,200,Sport,0.0
50,UTIL0295,SESSION00390,2025-09-02 00:22:19,/accueil,passer_commande,mobile,Pays-Bas,1796,200,Gaming,0.0
51,UTIL0250,SESSION00225,2025-05-20 13:31:01,/panier,cliquer_produit,mobile,Italie,1736,200,Telephonie,0.0
52,UTIL0274,SESSION00028,2025-07-21 18:36:42,/details-produit,cliquer_produit,ordinateur,France,1835,200,Sport,0.0
53,UTIL0195,SESSION00336,2025-04-19 14:20:21,/commande,voir_page,mobile,Italie,1806,200,Informatique,0.0
54,UTIL0027,SESSION00359,2025-04-25 20:04:49,/promotion,cliquer_produit,tablette,France,207,404,Maison,0.0
55,UTIL0123,SESSION00130,2025-08-31 21:07:36,/details-produit,ajouter_panier,ordinateur,Espagne,1129,200,Maison,0.0
56,UTIL0084,SESSION00319,2025-02-25 18:01:59,/produits,cliquer_produit,mobile,Belgique,1617,200,Gaming,0.0
57,UTIL0053,SESSION00309,2025-12-17 19:51:07,/panier,voir_page,tablette,Pays-Bas,248,200,Sport,0.0
58,UTIL0260,SESSION00350,2025-01-07 13:52:31,/produits,cliquer_produit,ordinateur,Espagne,1563,200,Telephonie,0.0
59,UTIL0223,SESSION00181,2025-09-25 20:17:39,/details-produit,cliquer_produit,tablette,Pays-Bas,2060,200,Telephonie,0.0
60,UTIL0166,SESSION00252,2025-02-14 08:56:28,/commande,ajouter_panier,ordinateur,Pays-Bas,1983,200,Gaming,0.0
61,UTIL0254,SESSION00333,2025-04-04 15:13:22,/accueil,voir_page,mobile,Italie,1225,200,Gaming,0.0
62,UTIL0006,SESSION00530,2025-04-08 02:15:46,/promotion,passer_commande,mobile,Espagne,2354,200,Gaming,0.0
63,UTIL0230,SESSION00018,2025-02-17 09:14:25,/connexion,cliquer_produit,tablette,Allemagne,1334,200,Mode,0.0
64,UTIL0177,SESSION00436,2025-10-09 10:22:44,/promotion,cliquer_produit,mobile,Italie,1335,200,Informatique,0.0
65,UTIL0062,SESSION00549,2025-12-20 05:12:13,/paiement,ajouter_panier,tablette,Espagne,1212,200,Telephonie,0.0
66,UTIL0052,SESSION00199,2025-06-01 07:23:11,/commande,cliquer_produit,mobile,France,2267,200,Informatique,0.0
67,UTIL0150,SESSION00130,2025-11-23 15:06:55,/promotion,achat,ordinateur,Belgique,1244,200,Sport,183.54
68,UTIL0245,SESSION00117,2025-02-03 12:31:04,/commande,achat,tablette,Suisse,299,200,Telephonie,290.16
69,UTIL0061,SESSION00572,2025-08-02 19:38:50,/panier,voir_page,tablette,Allemagne,2220,200,Sport,0.0
70,UTIL0157,SESSION00583,2025-11-14 01:39:47,/contact,voir_page,ordinateur,Pays-Bas,931,200,Mode,0.0
71,UTIL0123,SESSION00178,2025-10-10 02:10:00,/details-produit,cliquer_produit,mobile,Espagne,2004,200,Maison,0.0
72,UTIL0233,SESSION00073,2025-12-18 07:59:16,/commande,voir_page,tablette,Belgique,890,200,Beaute,0.0
73,UTIL0137,SESSION00146,2025-02-06 01:10:50,/details-produit,voir_page,mobile,Belgique,2411,404,Sport,0.0
74,UTIL0207,SESSION00279,2025-09-14 17:31:28,/commande,voir_page,ordinateur,Belgique,243,200,Gaming,0.0
75,UTIL0014,SESSION00094,2025-04-28 21:53:55,/commande,voir_page,tablette,Belgique,164,500,Gaming,0.0
76,UTIL0090,SESSION00482,2025-09-23 20:28:58,/accueil,ajouter_panier,mobile,Allemagne,2477,200,Telephonie,0.0
77,UTIL0241,SESSION00357,2025-07-29 10:20:42,/produits,cliquer_produit,ordinateur,Pays-Bas,738,200,Gaming,0.0
78,UTIL0282,SESSION00038,2025-08-21 02:20:16,/contact,cliquer_produit,mobile,France,1735,200,Telephonie,0.0
79,UTIL0237,SESSION00424,2025-01-28 06:33:23,/promotion,achat,tablette,Pays-Bas,2121,200,Telephonie,44.77
80,UTIL0148,SESSION00449,2025-12-24 15:07:01,/details-produit,voir_page,tablette,Belgique,1060,200,Mode,0.0
81,UTIL0209,SESSION00096,2025-04-26 03:29:07,/promotion,cliquer_produit,tablette,Pays-Bas,710,200,Gaming,0.0
82,UTIL0213,SESSION00495,2025-08-30 07:29:35,/commande,voir_page,ordinateur,Espagne,860,404,Beaute,0.0
83,UTIL0036,SESSION00283,2025-08-01 10:59:50,/details-produit,ajouter_panier,tablette,Italie,90,200,Mode,0.0
84,UTIL0077,SESSION00458,2025-10-03 15:22:21,/connexion,ajouter_panier,tablette,Pays-Bas,2305,200,Mode,0.0
85,UTIL0293,SESSION00393,2025-04-30 13:02:20,/panier,passer_commande,tablette,Espagne,1641,200,Gaming,0.0
86,UTIL0254,SESSION00038,2025-03-06 16:37:21,/details-produit,ajouter_panier,ordinateur,Pays-Bas,1883,200,Sport,0.0
87,UTIL0210,SESSION00159,2025-02-08 15:50:16,/details-produit,voir_page,mobile,Belgique,1708,200,Telephonie,0.0
88,UTIL0195,SESSION00325,2025-11-17 22:56:48,/promotion,voir_page,mobile,Pays-Bas,2296,200,Informatique,0.0
89,UTIL0117,SESSION00093,2025-08-11 03:48:40,/commande,voir_page,tablette,Pays-Bas,491,200,Gaming,0.0
90,UTIL0024,SESSION00333,2025-01-29 09:22:23,/accueil,voir_page,mobile,Allemagne,1080,200,Beaute,0.0
91,UTIL0088,SESSION00180,2025-02-10 19:55:24,/details-produit,cliquer_produit,tablette,Suisse,1066,200,Beaute,0.0
92,UTIL0131,SESSION00471,2025-05-11 21:00:57,/connexion,voir_page,mobile,Italie,2318,200,Sport,0.0
93,UTIL0218,SESSION00257,2025-08-22 09:12:24,/commande,achat,mobile,France,1051,200,Mode,295.91
94,UTIL0012,SESSION00406,2025-05-21 00:36:55,/commande,achat,tablette,Pays-Bas,280,404,Gaming,0.0
95,UTIL0118,SESSION00361,2025-04-23 20:12:39,/commande,cliquer_produit,mobile,Suisse,640,200,Gaming,0.0
96,UTIL0226,SESSION00035,2025-10-24 11:46:08,/commande,cliquer_produit,ordinateur,Italie,1418,200,Maison,0.0
97,UTIL0188,SESSION00544,2025-09-14 08:53:10,/promotion,voir_page,mobile,Pays-Bas,2053,404,Mode,0.0
98,UTIL0059,SESSION00480,2025-02-08 04:48:14,/paiement,ajouter_panier,tablette,Suisse,1707,404,Telephonie,0.0
99,UTIL0203,SESSION00015,2025-05-16 17:07:29,/produits,cliquer_produit,mobile,Suisse,1153,200,Telephonie,0.0
100,UTIL0056,SESSION00240,2025-08-30 00:39:56,/paiement,cliquer_produit,tablette,Italie,986,200,Gaming,0.0
101,UTIL0210,SESSION00120,2025-03-13 01:02:19,/commande,ajouter_panier,mobile,France,478,200,Beaute,0.0
102,UTIL0190,SESSION00554,2025-08-03 18:47:46,/connexion,voir_page,ordinateur,Espagne,485,200,Beaute,0.0
103,UTIL0017,SESSION00380,2025-04-22 14:28:15,/commande,voir_page,mobile,France,1584,200,Gaming,0.0
104,UTIL0142,SESSION00195,2025-03-04 14:05:42,/contact,voir_page,ordinateur,Suisse,167,200,Mode,0.0
105,UTIL0290,SESSION00211,2025-02-05 17:13:37,/details-produit,voir_page,ordinateur,Pays-Bas,1034,200,Maison,0.0
106,UTIL0142,SESSION00149,2025-03-08 17:16:51,/accueil,ajouter_panier,ordinateur,France,185,200,Mode,0.0
107,UTIL0166,SESSION00017,2025-03-31 08:03:08,/panier,ajouter_panier,tablette,Espagne,2234,200,Informatique,0.0
108,UTIL0263,SESSION00112,2025-08-20 16:14:39,/paiement,cliquer_produit,ordinateur,Suisse,2215,200,Gaming,0.0
109,UTIL0246,SESSION00412,2025-08-07 21:06:31,/accueil,achat,tablette,Espagne,381,200,Mode,311.98
110,UTIL0300,SESSION00562,2025-12-31 10:24:38,/commande,voir_page,tablette,Italie,1938,200,Sport,0.0
111,UTIL0283,SESSION00221,2025-08-09 14:56:14,/produits,voir_page,mobile,Italie,1937,200,Gaming,0.0
112,UTIL0161,SESSION00262,2025-07-11 04:43:59,/contact,voir_page,mobile,France,453,200,Informatique,0.0
113,UTIL0067,SESSION00570,2025-01-31 18:35:35,/paiement,voir_page,mobile,Suisse,580,200,Telephonie,0.0
114,UTIL0027,SESSION00295,2025-11-04 09:22:06,/contact,cliquer_produit,tablette,Belgique,951,200,Sport,0.0
115,UTIL0180,SESSION00570,2025-07-08 03:48:17,/produits,voir_page,tablette,Allemagne,1837,200,Telephonie,0.0
116,UTIL0014,SESSION00274,2025-01-15 05:17:44,/promotion,ajouter_panier,mobile,Italie,1517,200,Telephonie,0.0
117,UTIL0036,SESSION00146,2025-11-21 00:05:47,/contact,voir_page,tablette,Allemagne,1620,200,Mode,0.0
118,UTIL0167,SESSION00582,2025-11-02 02:56:03,/commande,voir_page,ordinateur,Allemagne,283,200,Mode,0.0
119,UTIL0249,SESSION00453,2025-08-01 08:13:48,/contact,voir_page,tablette,France,1493,200,Mode,0.0
120,UTIL0270,SESSION00316,2025-01-24 07:25:38,/connexion,cliquer_produit,ordinateur,France,917,200,Maison,0.0
121,UTIL0149,SESSION00336,2025-03-03 00:31:47,/commande,ajouter_panier,mobile,Allemagne,609,200,Gaming,0.0
122,UTIL0182,SESSION00074,2025-07-23 23:02:27,/promotion,voir_page,ordinateur,Espagne,398,200,Beaute,0.0
123,UTIL0214,SESSION00297,2025-02-28 12:01:20,/contact,voir_page,ordinateur,Pays-Bas,1964,200,Mode,0.0
124,UTIL0125,SESSION00447,2025-10-29 12:33:05,/produits,voir_page,mobile,Pays-Bas,1350,200,Maison,0.0
125,UTIL0040,SESSION00523,2025-11-21 03:33:32,/details-produit,voir_page,ordinateur,Pays-Bas,1511,200,Telephonie,0.0
126,UTIL0121,SESSION00106,2025-03-16 08:12:11,/details-produit,cliquer_produit,tablette,Allemagne,388,200,Telephonie,0.0
127,UTIL0289,SESSION00594,2025-08-18 21:59:56,/connexion,cliquer_produit,tablette,Suisse,1403,200,Gaming,0.0
128,UTIL0035,SESSION00481,2025-08-15 20:19:50,/connexion,voir_page,mobile,Belgique,310,200,Informatique,0.0
129,UTIL0020,SESSION00059,2025-07-08 09:04:41,/connexion,voir_page,ordinateur,Belgique,2156,200,Beaute,0.0
130,UTIL0231,SESSION00586,2025-11-30 06:20:38,/accueil,cliquer_produit,mobile,Belgique,697,404,Sport,0.0
131,UTIL0044,SESSION00517,2025-11-27 05:02:15,/paiement,voir_page,tablette,Espagne,1879,200,Beaute,0.0
132,UTIL0145,SESSION00397,2025-07-29 10:43:38,/paiement,voir_page,ordinateur,Pays-Bas,1450,200,Informatique,0.0
133,UTIL0146,SESSION00259,2025-12-03 19:55:09,/contact,cliquer_produit,mobile,France,2466,200,Mode,0.0
134,UTIL0067,SESSION00087,2025-06-08 17:24:41,/contact,voir_page,mobile,Pays-Bas,603,200,Telephonie,0.0
135,UTIL0048,SESSION00434,2025-09-18 11:01:23,/promotion,achat,mobile,Allemagne,957,200,Telephonie,253.41
136,UTIL0080,SESSION00080,2025-06-01 03:32:49,/details-produit,voir_page,tablette,Pays-Bas,2236,200,Mode,0.0
137,UTIL0193,SESSION00158,2025-03-25 05:53:44,/details-produit,passer_commande,tablette,Pays-Bas,758,200,Informatique,0.0
138,UTIL0228,SESSION00292,2025-08-18 07:34:15,/panier,voir_page,mobile,Pays-Bas,2001,404,Maison,0.0
139,UTIL0237,SESSION00289,2025-07-15 16:33:26,/connexion,voir_page,ordinateur,Pays-Bas,897,200,Maison,0.0
140,UTIL0247,SESSION00381,2025-10-11 03:45:54,/accueil,passer_commande,tablette,Pays-Bas,590,200,Telephonie,0.0
141,UTIL0263,SESSION00151,2025-08-12 02:58:14,/connexion,voir_page,mobile,Italie,189,200,Sport,0.0
142,UTIL0198,SESSION00084,2025-07-11 07:01:20,/panier,cliquer_produit,ordinateur,Pays-Bas,1453,200,Maison,0.0
143,UTIL0072,SESSION00481,2025-08-18 19:00:57,/connexion,voir_page,ordinateur,France,1128,200,Maison,0.0
144,UTIL0217,SESSION00114,2025-05-28 07:19:07,/promotion,cliquer_produit,ordinateur,Allemagne,1799,200,Beaute,0.0
145,UTIL0256,SESSION00549,2025-01-09 20:32:36,/produits,cliquer_produit,ordinateur,Suisse,668,200,Informatique,0.0
146,UTIL0293,SESSION00427,2025-04-06 21:42:05,/panier,cliquer_produit,tablette,Italie,357,404,Beaute,0.0
147,UTIL0284,SESSION00021,2025-07-19 15:02:40,/promotion,cliquer_produit,mobile,Italie,1118,200,Mode,0.0
148,UTIL0124,SESSION00107,2025-10-25 23:48:21,/paiement,ajouter_panier,ordinateur,France,1523,200,Telephonie,0.0
149,UTIL0246,SESSION00187,2025-03-11 02:45:49,/connexion,cliquer_produit,mobile,France,1281,200,Telephonie,0.0
150,UTIL0162,SESSION00318,2025-09-21 12:52:34,/accueil,voir_page,mobile,Italie,229,200,Maison,0.0
151,UTIL0170,SESSION00280,2025-03-05 11:27:56,/accueil,voir_page,mobile,Suisse,1881,200,Sport,0.0
152,UTIL0255,SESSION00510,2025-07-08 16:17:51,/details-produit,voir_page,ordinateur,Suisse,1818,200,Beaute,0.0
153,UTIL0280,SESSION00301,2025-06-14 03:05:20,/details-produit,achat,tablette,Italie,1335,200,Gaming,224.54
154,UTIL0229,SESSION00044,2025-06-30 19:27:17,/paiement,cliquer_produit,tablette,Pays-Bas,314,200,Gaming,0.0
155,UTIL0082,SESSION00032,2025-03-15 19:43:50,/promotion,voir_page,mobile,France,597,200,Telephonie,0.0
156,UTIL0197,SESSION00581,2025-01-17 19:09:43,/paiement,cliquer_produit,mobile,Italie,1603,200,Informatique,0.0
157,UTIL0188,SESSION00408,2025-06-10 20:17:15,/promotion,cliquer_produit,ordinateur,France,842,200,Sport,0.0
158,UTIL0135,SESSION00267,2025-12-27 14:13:39,/produits,passer_commande,mobile,Suisse,2091,200,Maison,0.0
159,UTIL0089,SESSION00456,2025-02-14 21:54:20,/connexion,passer_commande,tablette,Italie,345,200,Mode,0.0
160,UTIL0090,SESSION00371,2025-09-18 07:07:12,/details-produit,passer_commande,ordinateur,Allemagne,2103,200,Beaute,0.0
161,UTIL0283,SESSION00133,2025-11-10 02:04:19,/connexion,cliquer_produit,mobile,Suisse,2040,200,Telephonie,0.0
162,UTIL0065,SESSION00325,2025-11-25 02:28:29,/produits,voir_page,tablette,Belgique,1491,200,Telephonie,0.0
163,UTIL0067,SESSION00444,2025-09-15 01:53:07,/details-produit,ajouter_panier,tablette,Allemagne,1325,200,Mode,0.0
164,UTIL0178,SESSION00532,2025-05-26 02:16:12,/panier,achat,tablette,Belgique,1204,200,Mode,314.93
165,UTIL0298,SESSION00158,2025-03-29 21:39:46,/details-produit,voir_page,tablette,Italie,2388,200,Telephonie,0.0
166,UTIL0296,SESSION00272,2025-11-30 06:49:36,/accueil,voir_page,mobile,Belgique,204,200,Gaming,0.0
167,UTIL0248,SESSION00251,2025-12-17 12:19:29,/commande,cliquer_produit,ordinateur,Suisse,325,200,Sport,0.0
168,UTIL0175,SESSION00148,2025-06-10 22:20:46,/panier,cliquer_produit,mobile,Espagne,615,200,Beaute,0.0
169,UTIL0124,SESSION00478,2025-03-04 08:28:15,/paiement,cliquer_produit,ordinateur,France,287,200,Sport,0.0
170,UTIL0128,SESSION00164,2025-06-17 18:46:20,/contact,passer_commande,ordinateur,Pays-Bas,732,200,Beaute,0.0
171,UTIL0255,SESSION00024,2025-02-16 12:32:29,/commande,cliquer_produit,ordinateur,Allemagne,2469,200,Informatique,0.0
172,UTIL0147,SESSION00550,2025-01-05 03:27:08,/connexion,voir_page,mobile,Suisse,1578,200,Mode,0.0
173,UTIL0292,SESSION00576,2025-04-10 11:35:18,/accueil,voir_page,ordinateur,Espagne,2145,200,Beaute,0.0
174,UTIL0066,SESSION00100,2025-07-21 11:50:21,/produits,voir_page,tablette,Italie,670,200,Beaute,0.0
175,UTIL0024,SESSION00040,2025-03-12 22:21:51,/accueil,voir_page,mobile,Belgique,1951,200,Beaute,0.0
176,UTIL0084,SESSION00403,2025-11-12 23:53:19,/paiement,voir_page,tablette,Italie,2157,200,Beaute,0.0
177,UTIL0244,SESSION00018,2025-07-08 10:43:07,/commande,cliquer_produit,mobile,Belgique,1340,200,Gaming,0.0
178,UTIL0243,SESSION00272,2025-12-02 18:36:14,/accueil,passer_commande,tablette,France,2470,200,Beaute,0.0
179,UTIL0076,SESSION00249,2025-01-17 18:44:07,/contact,cliquer_produit,ordinateur,France,1886,200,Maison,0.0
180,UTIL0211,SESSION00514,2025-11-10 15:55:54,/panier,voir_page,tablette,Suisse,335,200,Beaute,0.0
181,UTIL0245,SESSION00539,2025-07-12 10:11:29,/paiement,voir_page,tablette,Italie,2317,200,Telephonie,0.0
182,UTIL0248,SESSION00197,2025-05-07 08:35:19,/commande,passer_commande,ordinateur,Italie,1263,200,Gaming,0.0
183,UTIL0246,SESSION00358,2025-10-14 23:17:18,/paiement,ajouter_panier,ordinateur,Belgique,2304,200,Sport,0.0
184,UTIL0149,SESSION00044,2025-05-28 22:05:22,/details-produit,ajouter_panier,mobile,Suisse,1130,200,Maison,0.0
185,UTIL0139,SESSION00576,2025-12-23 08:08:06,/promotion,voir_page,tablette,Suisse,2483,200,Informatique,0.0
186,UTIL0116,SESSION00239,2025-01-27 03:26:21,/promotion,cliquer_produit,tablette,Espagne,491,200,Maison,0.0
187,UTIL0081,SESSION00417,2025-12-01 15:30:41,/promotion,voir_page,ordinateur,Pays-Bas,1256,200,Gaming,0.0
188,UTIL0294,SESSION00238,2025-10-01 23:46:54,/produits,voir_page,ordinateur,Allemagne,1791,200,Maison,0.0
189,UTIL0204,SESSION00508,2025-04-06 23:55:59,/accueil,achat,mobile,France,117,200,Beaute,71.5
190,UTIL0233,SESSION00557,2025-09-26 15:56:08,/commande,achat,tablette,Espagne,1197,200,Informatique,178.73
191,UTIL0096,SESSION00015,2025-06-22 09:36:43,/commande,ajouter_panier,ordinateur,Allemagne,1740,200,Beaute,0.0
192,UTIL0049,SESSION00190,2025-03-13 15:20:59,/contact,voir_page,ordinateur,France,1148,200,Sport,0.0
193,UTIL0155,SESSION00597,2025-10-21 00:16:41,/paiement,ajouter_panier,mobile,Suisse,1047,200,Informatique,0.0
194,UTIL0208,SESSION00515,2025-12-27 09:44:07,/details-produit,cliquer_produit,tablette,Italie,1585,200,Maison,0.0
195,UTIL0079,SESSION00466,2025-11-07 11:26:44,/connexion,achat,tablette,Espagne,2281,200,Telephonie,124.84
196,UTIL0270,SESSION00458,2025-09-28 22:23:04,/produits,voir_page,tablette,France,332,200,Beaute,0.0
197,UTIL0077,SESSION00169,2025-06-17 16:28:07,/promotion,voir_page,tablette,Allemagne,2468,200,Beaute,0.0
198,UTIL0233,SESSION00136,2025-09-20 13:29:36,/accueil,voir_page,ordinateur,Belgique,1973,200,Mode,0.0
199,UTIL0131,SESSION00004,2025-04-22 18:04:02,/contact,ajouter_panier,mobile,Italie,341,200,Informatique,0.0
200,UTIL0242,SESSION00033,2025-05-27 13:11:49,/produits,achat,ordinateur,Pays-Bas,1801,200,Sport,235.3
201,UTIL0193,SESSION00083,2025-12-16 21:55:34,/contact,passer_commande,ordinateur,Suisse,1504,200,Beaute,0.0
202,UTIL0115,SESSION00004,2025-01-12 09:29:43,/details-produit,voir_page,tablette,Belgique,1817,200,Telephonie,0.0
203,UTIL0178,SESSION00159,2025-05-22 06:59:56,/connexion,voir_page,tablette,Pays-Bas,542,200,Gaming,0.0
204,UTIL0124,SESSION00212,2025-02-04 03:38:02,/accueil,voir_page,mobile,Belgique,279,200,Informatique,0.0
205,UTIL0277,SESSION00223,2025-01-29 04:32:18,/panier,voir_page,ordinateur,Pays-Bas,2439,200,Beaute,0.0
206,UTIL0122,SESSION00310,2025-03-15 21:33:14,/paiement,ajouter_panier,mobile,Italie,1207,200,Beaute,0.0
207,UTIL0219,SESSION00570,2025-09-11 01:22:41,/details-produit,passer_commande,tablette,Espagne,2228,200,Sport,0.0
208,UTIL0193,SESSION00189,2025-10-03 15:15:54,/commande,voir_page,ordinateur,Italie,671,200,Informatique,0.0
209,UTIL0286,SESSION00543,2025-03-10 12:15:16,/contact,cliquer_produit,ordinateur,Italie,403,404,Telephonie,0.0
210,UTIL0098,SESSION00053,2025-05-18 12:43:38,/promotion,voir_page,tablette,France,378,200,Telephonie,0.0
211,UTIL0112,SESSION00491,2025-04-17 10:19:58,/promotion,cliquer_produit,ordinateur,Allemagne,858,404,Informatique,0.0
212,UTIL0125,SESSION00210,2025-07-23 07:35:20,/connexion,ajouter_panier,mobile,Espagne,1989,200,Mode,0.0
213,UTIL0263,SESSION00510,2025-08-27 03:51:46,/paiement,voir_page,mobile,Pays-Bas,1391,404,Mode,0.0
214,UTIL0289,SESSION00227,2025-03-16 00:16:35,/accueil,voir_page,tablette,Belgique,1790,200,Maison,0.0
215,UTIL0292,SESSION00252,2025-09-13 17:41:43,/contact,voir_page,mobile,Italie,2081,404,Gaming,0.0
216,UTIL0087,SESSION00361,2025-03-28 04:46:34,/connexion,ajouter_panier,mobile,Allemagne,2300,500,Informatique,0.0
217,UTIL0025,SESSION00007,2025-07-31 04:53:40,/produits,cliquer_produit,ordinateur,France,698,200,Beaute,0.0
218,UTIL0248,SESSION00500,2025-01-09 00:34:35,/accueil,cliquer_produit,mobile,France,148,200,Mode,0.0
219,UTIL0009,SESSION00515,2025-12-24 21:27:51,/commande,cliquer_produit,ordinateur,France,474,200,Maison,0.0
220,UTIL0130,SESSION00363,2025-05-17 12:05:23,/promotion,voir_page,mobile,Espagne,2394,200,Gaming,0.0
221,UTIL0017,SESSION00096,2025-07-27 12:24:35,/produits,voir_page,mobile,France,118,200,Informatique,0.0
222,UTIL0170,SESSION00580,2025-02-18 16:58:02,/contact,cliquer_produit,ordinateur,Allemagne,2401,200,Informatique,0.0
223,UTIL0279,SESSION00578,2025-12-03 01:11:59,/commande,passer_commande,mobile,France,928,200,Telephonie,0.0
224,UTIL0040,SESSION00307,2025-03-25 18:15:36,/contact,ajouter_panier,mobile,Suisse,2294,200,Telephonie,0.0
225,UTIL0257,SESSION00355,2025-01-28 03:27:14,/produits,ajouter_panier,ordinateur,Italie,1704,404,Mode,0.0
226,UTIL0231,SESSION00503,2025-04-27 11:35:24,/commande,voir_page,mobile,Allemagne,2479,200,Informatique,0.0
227,UTIL0127,SESSION00076,2025-02-12 08:09:24,/commande,ajouter_panier,tablette,Pays-Bas,711,200,Mode,0.0
228,UTIL0003,SESSION00316,2025-08-16 11:48:17,/produits,voir_page,ordinateur,Allemagne,437,200,Sport,0.0
229,UTIL0209,SESSION00106,2025-01-14 02:22:35,/promotion,cliquer_produit,ordinateur,Belgique,1408,200,Informatique,0.0
230,UTIL0044,SESSION00573,2025-05-05 18:33:10,/contact,voir_page,tablette,Espagne,774,200,Mode,0.0
231,UTIL0033,SESSION00172,2025-08-11 08:26:19,/details-produit,voir_page,mobile,Pays-Bas,395,200,Maison,0.0
232,UTIL0101,SESSION00469,2025-02-24 04:19:00,/connexion,ajouter_panier,mobile,Italie,1636,200,Mode,0.0
233,UTIL0070,SESSION00308,2025-06-14 19:44:12,/contact,voir_page,mobile,Italie,807,404,Mode,0.0
234,UTIL0295,SESSION00249,2025-06-16 12:17:52,/connexion,voir_page,mobile,Italie,546,404,Maison,0.0
235,UTIL0093,SESSION00564,2025-01-14 23:29:45,/promotion,cliquer_produit,ordinateur,Espagne,1273,200,Informatique,0.0
236,UTIL0256,SESSION00143,2025-11-21 09:15:16,/contact,ajouter_panier,tablette,Allemagne,1813,200,Informatique,0.0
237,UTIL0299,SESSION00411,2025-10-01 16:59:58,/connexion,voir_page,tablette,Espagne,2306,200,Mode,0.0
238,UTIL0044,SESSION00112,2025-05-08 21:42:22,/promotion,ajouter_panier,ordinateur,Suisse,261,200,Gaming,0.0
239,UTIL0170,SESSION00441,2025-02-24 00:06:16,/contact,cliquer_produit,ordinateur,Belgique,2204,200,Gaming,0.0
240,UTIL0192,SESSION00401,2025-08-26 21:37:44,/connexion,cliquer_produit,tablette,Allemagne,1492,500,Sport,0.0
241,UTIL0044,SESSION00119,2025-03-14 11:19:21,/contact,voir_page,mobile,Pays-Bas,927,200,Mode,0.0
242,UTIL0232,SESSION00327,2025-02-04 09:02:51,/connexion,cliquer_produit,tablette,France,172,200,Gaming,0.0
243,UTIL0125,SESSION00529,2025-03-31 17:10:21,/details-produit,voir_page,tablette,Espagne,1972,200,Sport,0.0
244,UTIL0222,SESSION00406,2025-01-15 23:39:56,/details-produit,cliquer_produit,ordinateur,Espagne,1839,200,Gaming,0.0
245,UTIL0033,SESSION00592,2025-02-22 17:11:23,/commande,voir_page,mobile,Allemagne,1954,200,Gaming,0.0
246,UTIL0161,SESSION00398,2025-11-09 12:37:07,/promotion,passer_commande,mobile,Italie,1955,200,Telephonie,0.0
247,UTIL0044,SESSION00138,2025-06-10 03:15:19,/commande,cliquer_produit,ordinateur,Allemagne,1609,200,Beaute,0.0
248,UTIL0295,SESSION00393,2025-08-05 05:31:40,/details-produit,voir_page,tablette,Suisse,789,200,Sport,0.0
249,UTIL0162,SESSION00462,2025-11-14 01:55:22,/details-produit,voir_page,ordinateur,Espagne,639,200,Sport,0.0
250,UTIL0254,SESSION00419,2025-12-17 15:26:45,/promotion,achat,mobile,Espagne,765,200,Informatique,402.02
251,UTIL0141,SESSION00231,2025-10-03 09:10:49,/accueil,voir_page,mobile,Belgique,2108,200,Informatique,0.0
252,UTIL0279,SESSION00376,2025-10-05 01:48:46,/commande,cliquer_produit,mobile,Belgique,975,500,Informatique,0.0
253,UTIL0153,SESSION00034,2025-08-19 08:22:55,/panier,ajouter_panier,ordinateur,Espagne,560,200,Maison,0.0
254,UTIL0220,SESSION00170,2025-11-12 04:50:13,/paiement,voir_page,ordinateur,Pays-Bas,323,200,Beaute,0.0
255,UTIL0087,SESSION00332,2025-12-27 09:18:36,/promotion,voir_page,mobile,Pays-Bas,2187,500,Gaming,0.0
256,UTIL0211,SESSION00061,2025-05-22 20:08:44,/details-produit,ajouter_panier,ordinateur,Allemagne,679,200,Telephonie,0.0
257,UTIL0251,SESSION00146,2025-10-23 20:17:40,/contact,voir_page,mobile,Espagne,1931,200,Telephonie,0.0
258,UTIL0207,SESSION00528,2025-05-23 22:59:56,/produits,passer_commande,mobile,Espagne,2079,200,Informatique,0.0
259,UTIL0235,SESSION00367,2025-02-02 17:25:13,/produits,passer_commande,mobile,Pays-Bas,947,200,Mode,0.0
260,UTIL0281,SESSION00592,2025-03-08 18:54:31,/paiement,ajouter_panier,mobile,Suisse,278,200,Gaming,0.0
261,UTIL0009,SESSION00128,2025-03-22 14:29:00,/connexion,ajouter_panier,mobile,Allemagne,620,200,Mode,0.0
262,UTIL0048,SESSION00370,2025-05-09 02:23:42,/commande,voir_page,tablette,Allemagne,292,200,Mode,0.0
263,UTIL0220,SESSION00094,2025-12-27 03:00:13,/panier,ajouter_panier,mobile,France,623,200,Beaute,0.0
264,UTIL0005,SESSION00352,2025-03-03 13:44:08,/accueil,cliquer_produit,mobile,France,1017,200,Gaming,0.0
265,UTIL0161,SESSION00377,2025-06-03 04:24:49,/produits,ajouter_panier,ordinateur,Suisse,665,200,Beaute,0.0
266,UTIL0226,SESSION00360,2025-04-20 20:47:09,/details-produit,voir_page,mobile,Belgique,1892,200,Informatique,0.0
267,UTIL0064,SESSION00394,2025-06-29 13:20:50,/details-produit,passer_commande,ordinateur,Allemagne,1214,200,Maison,0.0
268,UTIL0014,SESSION00309,2025-04-16 16:38:32,/commande,cliquer_produit,ordinateur,Suisse,1684,200,Informatique,0.0
269,UTIL0254,SESSION00396,2025-02-27 07:31:40,/panier,ajouter_panier,tablette,France,2243,200,Informatique,0.0
270,UTIL0068,SESSION00397,2025-10-19 13:23:34,/paiement,achat,tablette,Allemagne,2009,404,Telephonie,0.0
271,UTIL0008,SESSION00269,2025-04-21 01:59:03,/produits,voir_page,mobile,Belgique,1253,200,Beaute,0.0
272,UTIL0206,SESSION00085,2025-11-24 17:34:39,/contact,ajouter_panier,ordinateur,Italie,422,200,Beaute,0.0
273,UTIL0275,SESSION00335,2025-07-20 18:40:48,/details-produit,passer_commande,tablette,Suisse,350,200,Sport,0.0
274,UTIL0030,SESSION00251,2025-02-14 13:07:29,/panier,ajouter_panier,tablette,Belgique,305,200,Gaming,0.0
275,UTIL0062,SESSION00013,2025-12-29 04:44:00,/details-produit,cliquer_produit,ordinateur,Espagne,1500,200,Telephonie,0.0
276,UTIL0086,SESSION00381,2025-03-06 23:49:55,/commande,ajouter_panier,mobile,Suisse,563,200,Informatique,0.0
277,UTIL0140,SESSION00537,2025-02-02 08:45:36,/contact,voir_page,tablette,France,2112,200,Mode,0.0
278,UTIL0189,SESSION00162,2025-05-11 03:57:36,/details-produit,voir_page,tablette,Suisse,552,200,Beaute,0.0
279,UTIL0126,SESSION00048,2025-08-30 11:24:58,/accueil,voir_page,ordinateur,Allemagne,224,200,Gaming,0.0
280,UTIL0115,SESSION00330,2025-05-08 13:58:46,/contact,ajouter_panier,mobile,Italie,399,200,Informatique,0.0
281,UTIL0092,SESSION00229,2025-09-22 01:25:04,/accueil,cliquer_produit,mobile,Pays-Bas,1236,200,Mode,0.0
282,UTIL0234,SESSION00009,2025-07-08 06:18:36,/promotion,voir_page,mobile,Suisse,1073,200,Beaute,0.0
283,UTIL0280,SESSION00252,2025-03-19 00:59:26,/panier,achat,ordinateur,Allemagne,2298,200,Telephonie,352.86
284,UTIL0001,SESSION00386,2025-06-07 03:13:33,/paiement,voir_page,ordinateur,Espagne,2095,404,Maison,0.0
285,UTIL0023,SESSION00238,2025-09-24 13:44:57,/produits,ajouter_panier,mobile,Espagne,427,200,Beaute,0.0
286,UTIL0039,SESSION00582,2025-02-01 13:42:08,/contact,voir_page,ordinateur,Italie,1149,200,Telephonie,0.0
287,UTIL0163,SESSION00464,2025-05-20 07:04:12,/paiement,voir_page,ordinateur,Pays-Bas,2474,200,Informatique,0.0
288,UTIL0161,SESSION00417,2025-03-03 17:22:49,/connexion,voir_page,ordinateur,Espagne,1342,200,Telephonie,0.0
289,UTIL0156,SESSION00042,2025-04-21 10:09:05,/details-produit,voir_page,tablette,Allemagne,1537,200,Informatique,0.0
290,UTIL0090,SESSION00032,2025-07-27 14:35:47,/commande,cliquer_produit,tablette,Allemagne,467,200,Telephonie,0.0
291,UTIL0007,SESSION00064,2025-04-24 04:12:52,/produits,ajouter_panier,mobile,Italie,424,200,Mode,0.0
292,UTIL0012,SESSION00067,2025-04-12 20:28:51,/produits,passer_commande,ordinateur,France,1438,200,Sport,0.0
293,UTIL0203,SESSION00509,2025-01-16 12:43:27,/contact,voir_page,ordinateur,Italie,959,404,Mode,0.0
294,UTIL0018,SESSION00252,2025-11-28 09:31:26,/details-produit,voir_page,tablette,Espagne,329,200,Sport,0.0
295,UTIL0270,SESSION00256,2025-11-19 17:50:01,/panier,voir_page,mobile,Pays-Bas,1550,200,Telephonie,0.0
296,UTIL0165,SESSION00398,2025-05-19 05:01:20,/promotion,cliquer_produit,tablette,Allemagne,200,200,Telephonie,0.0
297,UTIL0272,SESSION00367,2025-10-27 07:10:06,/connexion,voir_page,ordinateur,Suisse,1067,200,Telephonie,0.0
298,UTIL0113,SESSION00590,2025-07-18 11:59:53,/accueil,ajouter_panier,ordinateur,Allemagne,1048,200,Telephonie,0.0
299,UTIL0015,SESSION00361,2025-10-18 18:09:36,/paiement,ajouter_panier,ordinateur,Pays-Bas,2096,200,Maison,0.0
300,UTIL0029,SESSION00239,2025-11-05 07:01:33,/produits,cliquer_produit,mobile,France,1438,404,Maison,0.0
301,UTIL0091,SESSION00332,2025-01-31 00:09:37,/paiement,ajouter_panier,tablette,Allemagne,534,200,Telephonie,0.0
302,UTIL0192,SESSION00406,2025-10-28 03:21:19,/produits,voir_page,mobile,Allemagne,725,200,Sport,0.0
303,UTIL0163,SESSION00179,2025-12-29 17:44:56,/connexion,ajouter_panier,tablette,Pays-Bas,1541,200,Beaute,0.0
304,UTIL0158,SESSION00302,2025-03-07 05:46:00,/contact,ajouter_panier,tablette,Belgique,1683,200,Telephonie,0.0
305,UTIL0094,SESSION00326,2025-11-10 07:40:36,/accueil,achat,ordinateur,Espagne,656,200,Informatique,134.24
306,UTIL0046,SESSION00344,2025-08-17 00:16:13,/details-produit,achat,ordinateur,Suisse,357,200,Telephonie,71.86
307,UTIL0225,SESSION00430,2025-03-27 13:31:56,/contact,voir_page,mobile,Italie,2316,200,Telephonie,0.0
308,UTIL0084,SESSION00463,2025-02-07 01:18:01,/panier,cliquer_produit,mobile,Italie,508,200,Maison,0.0
309,UTIL0039,SESSION00561,2025-02-17 10:38:39,/details-produit,passer_commande,mobile,Suisse,206,200,Gaming,0.0
310,UTIL0081,SESSION00055,2025-02-21 10:13:12,/contact,voir_page,mobile,Suisse,2349,200,Gaming,0.0
311,UTIL0153,SESSION00244,2025-02-19 01:25:36,/commande,cliquer_produit,tablette,Pays-Bas,2090,200,Mode,0.0
312,UTIL0151,SESSION00492,2025-04-13 03:01:13,/produits,voir_page,ordinateur,Suisse,1275,500,Sport,0.0
313,UTIL0204,SESSION00483,2025-09-08 21:16:05,/commande,ajouter_panier,tablette,Belgique,1667,200,Sport,0.0
314,UTIL0023,SESSION00270,2025-08-14 14:16:14,/connexion,voir_page,mobile,Belgique,332,200,Gaming,0.0
315,UTIL0177,SESSION00555,2025-07-31 18:14:35,/produits,cliquer_produit,ordinateur,Pays-Bas,1665,200,Sport,0.0
316,UTIL0294,SESSION00242,2025-09-01 09:05:25,/connexion,achat,tablette,France,2136,200,Beaute,404.22
317,UTIL0062,SESSION00460,2025-03-30 05:13:51,/details-produit,cliquer_produit,ordinateur,Allemagne,254,200,Gaming,0.0
318,UTIL0133,SESSION00328,2025-02-04 02:24:35,/details-produit,voir_page,mobile,Belgique,1415,200,Beaute,0.0
319,UTIL0268,SESSION00430,2025-02-27 13:09:09,/accueil,cliquer_produit,tablette,Belgique,2466,200,Informatique,0.0
320,UTIL0147,SESSION00549,2025-06-26 13:16:24,/produits,passer_commande,tablette,Espagne,2423,200,Informatique,0.0
321,UTIL0074,SESSION00412,2025-01-20 12:56:56,/contact,voir_page,mobile,Suisse,1053,200,Sport,0.0
322,UTIL0011,SESSION00346,2025-06-05 09:17:53,/paiement,passer_commande,mobile,Pays-Bas,482,500,Maison,0.0
323,UTIL0165,SESSION00276,2025-08-02 19:41:05,/connexion,voir_page,ordinateur,Espagne,945,404,Sport,0.0
324,UTIL0192,SESSION00058,2025-09-21 05:04:19,/promotion,ajouter_panier,tablette,Belgique,1732,200,Telephonie,0.0
325,UTIL0089,SESSION00198,2025-04-13 01:15:02,/accueil,cliquer_produit,mobile,France,1556,200,Mode,0.0
326,UTIL0259,SESSION00407,2025-11-22 03:43:01,/connexion,voir_page,ordinateur,Italie,2082,200,Maison,0.0
327,UTIL0283,SESSION00359,2025-06-26 05:53:57,/connexion,achat,mobile,Suisse,450,200,Sport,43.83
328,UTIL0114,SESSION00231,2025-12-13 06:17:41,/panier,passer_commande,mobile,Belgique,162,200,Telephonie,0.0
329,UTIL0068,SESSION00178,2025-11-04 00:14:16,/connexion,cliquer_produit,tablette,Pays-Bas,1331,200,Gaming,0.0
330,UTIL0193,SESSION00358,2025-08-24 08:13:29,/contact,cliquer_produit,mobile,Suisse,2212,200,Sport,0.0
331,UTIL0262,SESSION00384,2025-10-15 20:38:38,/accueil,cliquer_produit,mobile,Italie,522,200,Mode,0.0
332,UTIL0142,SESSION00268,2025-12-02 22:57:41,/paiement,achat,mobile,Allemagne,694,200,Maison,451.85
333,UTIL0164,SESSION00144,2025-01-14 20:31:18,/contact,ajouter_panier,mobile,Espagne,1737,200,Informatique,0.0
334,UTIL0176,SESSION00228,2025-12-18 17:40:50,/panier,cliquer_produit,mobile,Suisse,1548,200,Telephonie,0.0
335,UTIL0093,SESSION00301,2025-02-19 15:08:47,/promotion,voir_page,mobile,Suisse,2369,200,Maison,0.0
336,UTIL0046,SESSION00228,2025-07-01 07:47:55,/paiement,achat,mobile,Espagne,1437,200,Beaute,161.14
337,UTIL0028,SESSION00598,2025-10-25 19:04:30,/connexion,passer_commande,ordinateur,Belgique,570,200,Sport,0.0
338,UTIL0028,SESSION00155,2025-03-12 06:21:26,/contact,cliquer_produit,tablette,Espagne,666,200,Gaming,0.0
339,UTIL0250,SESSION00341,2025-11-20 05:20:40,/produits,voir_page,ordinateur,France,1931,200,Telephonie,0.0
340,UTIL0251,SESSION00091,2025-03-08 19:27:40,/details-produit,ajouter_panier,mobile,Espagne,1837,404,Sport,0.0
341,UTIL0103,SESSION00383,2025-01-08 10:48:53,/promotion,voir_page,tablette,Allemagne,153,200,Gaming,0.0
342,UTIL0177,SESSION00320,2025-03-08 03:24:32,/panier,ajouter_panier,tablette,Italie,764,200,Informatique,0.0
343,UTIL0234,SESSION00533,2025-11-02 16:21:27,/commande,voir_page,tablette,Allemagne,1483,500,Sport,0.0
344,UTIL0085,SESSION00414,2025-01-10 07:14:46,/panier,voir_page,ordinateur,Allemagne,169,200,Maison,0.0
345,UTIL0193,SESSION00262,2025-10-01 19:03:38,/accueil,voir_page,ordinateur,Suisse,522,200,Informatique,0.0
346,UTIL0214,SESSION00455,2025-07-14 03:35:16,/produits,voir_page,mobile,Suisse,707,200,Gaming,0.0
347,UTIL0216,SESSION00104,2025-12-06 16:17:39,/commande,cliquer_produit,tablette,Suisse,641,200,Informatique,0.0
348,UTIL0145,SESSION00117,2025-02-24 15:12:38,/produits,cliquer_produit,ordinateur,Pays-Bas,1157,200,Maison,0.0
349,UTIL0152,SESSION00165,2025-01-21 17:31:58,/contact,voir_page,ordinateur,Suisse,2048,200,Informatique,0.0
350,UTIL0057,SESSION00588,2025-12-09 15:09:05,/produits,voir_page,tablette,France,494,404,Gaming,0.0
351,UTIL0136,SESSION00476,2025-01-26 03:52:11,/commande,voir_page,ordinateur,Pays-Bas,1270,200,Gaming,0.0
352,UTIL0049,SESSION00047,2025-01-05 04:42:41,/produits,voir_page,ordinateur,Italie,1544,200,Beaute,0.0
353,UTIL0191,SESSION00351,2025-04-04 03:25:25,/produits,voir_page,mobile,Italie,1659,200,Sport,0.0
354,UTIL0058,SESSION00136,2025-12-23 23:03:54,/details-produit,ajouter_panier,ordinateur,France,1784,404,Sport,0.0
355,UTIL0093,SESSION00389,2025-07-03 19:01:55,/connexion,ajouter_panier,tablette,Pays-Bas,615,200,Sport,0.0
356,UTIL0226,SESSION00048,2025-02-02 08:41:20,/contact,voir_page,ordinateur,Suisse,2229,200,Beaute,0.0
357,UTIL0174,SESSION00532,2025-09-25 22:44:39,/panier,ajouter_panier,ordinateur,Espagne,1098,200,Gaming,0.0
358,UTIL0077,SESSION00572,2025-11-10 01:00:41,/contact,cliquer_produit,ordinateur,Belgique,2002,200,Telephonie,0.0
359,UTIL0165,SESSION00247,2025-06-19 08:03:32,/connexion,voir_page,ordinateur,Belgique,1630,200,Maison,0.0
360,UTIL0294,SESSION00459,2025-02-15 15:28:20,/connexion,voir_page,ordinateur,Espagne,152,200,Sport,0.0
361,UTIL0001,SESSION00094,2025-11-06 19:40:19,/promotion,voir_page,tablette,Belgique,927,200,Sport,0.0
362,UTIL0028,SESSION00229,2025-08-21 10:35:49,/paiement,achat,tablette,Belgique,2017,200,Mode,363.64
363,UTIL0002,SESSION00350,2025-07-01 20:51:18,/panier,voir_page,tablette,Belgique,1611,200,Informatique,0.0
364,UTIL0072,SESSION00420,2025-02-24 08:39:12,/connexion,passer_commande,ordinateur,France,1689,200,Telephonie,0.0
365,UTIL0056,SESSION00425,2025-01-24 20:53:43,/paiement,ajouter_panier,tablette,France,1925,200,Beaute,0.0
366,UTIL0256,SESSION00005,2025-09-29 23:03:35,/details-produit,achat,mobile,Pays-Bas,2476,200,Beaute,394.92
367,UTIL0066,SESSION00107,2025-07-18 21:38:38,/details-produit,passer_commande,mobile,Belgique,1655,200,Beaute,0.0
368,UTIL0141,SESSION00408,2025-06-25 09:28:51,/panier,passer_commande,ordinateur,Allemagne,1770,200,Gaming,0.0
369,UTIL0161,SESSION00567,2025-11-20 06:12:13,/promotion,cliquer_produit,tablette,Suisse,1270,200,Gaming,0.0
370,UTIL0258,SESSION00556,2025-12-22 20:20:45,/details-produit,voir_page,ordinateur,Pays-Bas,1522,200,Beaute,0.0
371,UTIL0274,SESSION00293,2025-08-05 00:33:06,/contact,cliquer_produit,ordinateur,Espagne,675,200,Informatique,0.0
372,UTIL0147,SESSION00257,2025-03-16 01:44:50,/details-produit,voir_page,mobile,Allemagne,2296,200,Telephonie,0.0
373,UTIL0115,SESSION00575,2025-07-19 07:32:50,/promotion,cliquer_produit,tablette,Italie,272,404,Sport,0.0
374,UTIL0283,SESSION00056,2025-01-07 23:16:12,/paiement,voir_page,tablette,Pays-Bas,1894,200,Gaming,0.0
375,UTIL0280,SESSION00202,2025-04-10 09:28:11,/paiement,ajouter_panier,tablette,France,845,404,Gaming,0.0
376,UTIL0021,SESSION00439,2025-05-23 17:16:08,/contact,cliquer_produit,ordinateur,Belgique,1124,200,Sport,0.0
377,UTIL0021,SESSION00158,2025-06-15 19:03:49,/details-produit,ajouter_panier,tablette,Belgique,1313,200,Beaute,0.0
378,UTIL0163,SESSION00539,2025-04-23 05:33:04,/produits,cliquer_produit,tablette,Allemagne,1783,200,Sport,0.0
379,UTIL0110,SESSION00340,2025-06-19 11:18:13,/panier,voir_page,tablette,Belgique,2025,500,Telephonie,0.0
380,UTIL0059,SESSION00355,2025-08-17 07:57:41,/accueil,ajouter_panier,tablette,Belgique,1078,404,Gaming,0.0
381,UTIL0059,SESSION00396,2025-05-12 17:46:18,/contact,passer_commande,ordinateur,Belgique,1615,200,Beaute,0.0
382,UTIL0152,SESSION00198,2025-06-14 16:05:06,/accueil,voir_page,ordinateur,Pays-Bas,2283,200,Gaming,0.0
383,UTIL0218,SESSION00107,2025-04-16 17:53:44,/panier,voir_page,tablette,Pays-Bas,1862,200,Informatique,0.0
384,UTIL0013,SESSION00471,2025-06-19 01:05:04,/details-produit,ajouter_panier,ordinateur,Allemagne,1111,200,Beaute,0.0
385,UTIL0209,SESSION00398,2025-08-19 20:25:27,/commande,ajouter_panier,mobile,France,1675,200,Beaute,0.0
386,UTIL0300,SESSION00047,2025-12-25 02:22:59,/produits,voir_page,tablette,France,1267,200,Mode,0.0
387,UTIL0225,SESSION00391,2025-07-22 21:01:30,/commande,cliquer_produit,ordinateur,Belgique,980,200,Sport,0.0
388,UTIL0152,SESSION00148,2025-06-02 21:56:58,/promotion,ajouter_panier,tablette,Suisse,1608,404,Informatique,0.0
389,UTIL0073,SESSION00127,2025-01-22 00:36:38,/promotion,cliquer_produit,mobile,Belgique,2322,404,Mode,0.0
390,UTIL0109,SESSION00423,2025-11-27 16:09:10,/paiement,voir_page,ordinateur,Allemagne,1115,200,Maison,0.0
391,UTIL0282,SESSION00473,2025-11-27 17:04:18,/accueil,cliquer_produit,tablette,France,1106,200,Gaming,0.0
392,UTIL0183,SESSION00132,2025-12-10 20:15:06,/paiement,cliquer_produit,mobile,Belgique,365,404,Mode,0.0
393,UTIL0157,SESSION00599,2025-03-20 18:36:23,/paiement,cliquer_produit,mobile,Espagne,770,200,Maison,0.0
394,UTIL0142,SESSION00369,2025-03-10 21:46:21,/contact,ajouter_panier,mobile,Espagne,1904,200,Mode,0.0
395,UTIL0090,SESSION00084,2025-05-24 04:57:34,/produits,cliquer_produit,ordinateur,Italie,393,200,Informatique,0.0
396,UTIL0298,SESSION00593,2025-07-27 18:13:58,/accueil,ajouter_panier,ordinateur,Belgique,1147,200,Beaute,0.0
397,UTIL0188,SESSION00402,2025-04-25 18:46:54,/details-produit,cliquer_produit,mobile,Allemagne,1983,200,Informatique,0.0
398,UTIL0006,SESSION00245,2025-11-11 21:10:48,/promotion,voir_page,tablette,Allemagne,1907,200,Beaute,0.0
399,UTIL0248,SESSION00368,2025-01-21 07:48:31,/details-produit,achat,ordinateur,France,1162,200,Informatique,340.92
400,UTIL0199,SESSION00481,2025-08-21 01:02:41,/paiement,cliquer_produit,mobile,France,2215,200,Mode,0.0
401,UTIL0297,SESSION00558,2025-10-19 05:24:41,/commande,ajouter_panier,mobile,Italie,2487,200,Telephonie,0.0
402,UTIL0193,SESSION00229,2025-09-22 12:22:52,/commande,voir_page,mobile,Espagne,2054,200,Informatique,0.0
403,UTIL0226,SESSION00170,2025-04-28 02:32:41,/details-produit,cliquer_produit,mobile,Allemagne,695,200,Mode,0.0
404,UTIL0118,SESSION00425,2025-06-19 23:07:30,/produits,cliquer_produit,tablette,Espagne,2042,200,Maison,0.0
405,UTIL0012,SESSION00250,2025-01-23 04:36:37,/contact,cliquer_produit,ordinateur,Allemagne,2179,200,Beaute,0.0
406,UTIL0133,SESSION00185,2025-09-22 12:38:36,/details-produit,voir_page,tablette,France,1241,404,Maison,0.0
407,UTIL0247,SESSION00175,2025-04-23 13:38:09,/connexion,voir_page,tablette,Pays-Bas,824,200,Beaute,0.0
408,UTIL0233,SESSION00071,2025-04-28 12:24:08,/paiement,voir_page,ordinateur,France,908,200,Beaute,0.0
409,UTIL0050,SESSION00182,2025-09-01 19:38:02,/details-produit,cliquer_produit,tablette,Belgique,561,200,Gaming,0.0
410,UTIL0001,SESSION00442,2025-09-25 13:23:55,/promotion,voir_page,ordinateur,Suisse,2250,200,Telephonie,0.0
411,UTIL0180,SESSION00590,2025-02-20 13:08:16,/contact,cliquer_produit,mobile,Pays-Bas,1032,404,Informatique,0.0
412,UTIL0210,SESSION00264,2025-04-07 00:45:47,/promotion,voir_page,ordinateur,Belgique,2220,200,Informatique,0.0
413,UTIL0162,SESSION00419,2025-07-05 03:09:27,/panier,voir_page,tablette,Belgique,1118,200,Beaute,0.0
414,UTIL0142,SESSION00407,2025-04-15 13:35:50,/paiement,voir_page,tablette,Espagne,812,200,Beaute,0.0
415,UTIL0296,SESSION00353,2025-12-28 12:47:08,/commande,cliquer_produit,tablette,France,1021,200,Gaming,0.0
416,UTIL0110,SESSION00521,2025-07-25 10:51:35,/produits,achat,tablette,Suisse,293,200,Gaming,22.54
417,UTIL0242,SESSION00446,2025-02-15 02:16:14,/details-produit,voir_page,mobile,France,234,200,Sport,0.0
418,UTIL0147,SESSION00059,2025-03-31 20:31:28,/promotion,cliquer_produit,ordinateur,Allemagne,2202,200,Informatique,0.0
419,UTIL0265,SESSION00238,2025-11-11 05:43:02,/promotion,ajouter_panier,mobile,Allemagne,81,500,Informatique,0.0
420,UTIL0181,SESSION00405,2025-07-27 18:12:33,/contact,achat,ordinateur,Suisse,361,404,Beaute,0.0
421,UTIL0299,SESSION00357,2025-06-27 08:14:38,/promotion,voir_page,ordinateur,Espagne,1734,200,Mode,0.0
422,UTIL0055,SESSION00573,2025-02-07 16:18:21,/promotion,voir_page,ordinateur,Pays-Bas,2182,404,Beaute,0.0
423,UTIL0227,SESSION00387,2025-10-16 15:49:15,/commande,ajouter_panier,mobile,Pays-Bas,1959,200,Beaute,0.0
424,UTIL0060,SESSION00265,2025-02-04 12:40:50,/connexion,passer_commande,ordinateur,Suisse,1021,200,Sport,0.0
425,UTIL0275,SESSION00010,2025-12-25 08:15:18,/promotion,achat,ordinateur,Espagne,1480,200,Maison,248.75
426,UTIL0094,SESSION00195,2025-09-13 23:12:15,/commande,voir_page,tablette,Allemagne,1167,200,Maison,0.0
427,UTIL0080,SESSION00110,2025-03-03 02:43:42,/paiement,ajouter_panier,mobile,Belgique,107,200,Beaute,0.0
428,UTIL0191,SESSION00323,2025-09-10 18:55:17,/connexion,achat,mobile,Allemagne,2173,200,Maison,380.08
429,UTIL0217,SESSION00490,2025-10-04 01:32:22,/promotion,voir_page,mobile,Pays-Bas,795,200,Informatique,0.0
430,UTIL0162,SESSION00009,2025-01-07 21:13:24,/connexion,cliquer_produit,tablette,France,1412,200,Telephonie,0.0
431,UTIL0135,SESSION00243,2025-05-18 15:39:21,/promotion,voir_page,mobile,Allemagne,2122,200,Sport,0.0
432,UTIL0187,SESSION00411,2025-05-24 14:11:36,/paiement,ajouter_panier,ordinateur,Belgique,1016,200,Gaming,0.0
433,UTIL0285,SESSION00443,2025-07-15 06:09:51,/panier,voir_page,tablette,Allemagne,2017,200,Maison,0.0
434,UTIL0265,SESSION00547,2025-06-11 15:19:16,/details-produit,voir_page,tablette,Pays-Bas,2405,200,Informatique,0.0
435,UTIL0111,SESSION00261,2025-09-01 20:06:28,/accueil,cliquer_produit,tablette,Italie,1144,200,Beaute,0.0
436,UTIL0177,SESSION00021,2025-07-30 03:22:55,/commande,cliquer_produit,tablette,Belgique,894,200,Gaming,0.0
437,UTIL0146,SESSION00364,2025-06-16 21:32:31,/details-produit,cliquer_produit,tablette,Espagne,401,200,Mode,0.0
438,UTIL0086,SESSION00346,2025-08-04 20:39:36,/details-produit,cliquer_produit,mobile,Pays-Bas,372,200,Mode,0.0
439,UTIL0150,SESSION00274,2025-11-06 20:25:17,/paiement,voir_page,mobile,Pays-Bas,1567,200,Beaute,0.0
440,UTIL0086,SESSION00189,2025-01-12 04:46:15,/contact,achat,tablette,Italie,407,200,Sport,69.44
441,UTIL0281,SESSION00056,2025-01-14 12:33:48,/connexion,voir_page,ordinateur,France,1155,200,Informatique,0.0
442,UTIL0159,SESSION00235,2025-05-07 23:18:28,/contact,cliquer_produit,tablette,Allemagne,617,200,Maison,0.0
443,UTIL0167,SESSION00488,2025-08-28 17:59:17,/paiement,voir_page,tablette,Espagne,633,404,Gaming,0.0
444,UTIL0289,SESSION00446,2025-09-26 20:40:34,/connexion,cliquer_produit,mobile,Italie,2052,200,Telephonie,0.0
445,UTIL0188,SESSION00423,2025-05-14 04:19:00,/commande,voir_page,ordinateur,Belgique,638,200,Sport,0.0
446,UTIL0245,SESSION00307,2025-01-05 13:51:18,/connexion,cliquer_produit,tablette,Allemagne,109,200,Maison,0.0
447,UTIL0224,SESSION00405,2025-05-08 05:45:47,/promotion,voir_page,tablette,Espagne,1629,200,Informatique,0.0
448,UTIL0265,SESSION00279,2025-05-26 20:47:34,/panier,voir_page,mobile,Espagne,850,200,Maison,0.0
449,UTIL0234,SESSION00464,2025-05-20 22:39:31,/produits,voir_page,ordinateur,Italie,159,200,Beaute,0.0
450,UTIL0145,SESSION00276,2025-03-06 22:28:46,/produits,voir_page,ordinateur,Allemagne,449,200,Sport,0.0
451,UTIL0160,SESSION00511,2025-07-10 14:44:50,/contact,voir_page,ordinateur,Italie,408,200,Maison,0.0
452,UTIL0037,SESSION00557,2025-08-29 05:12:57,/contact,voir_page,mobile,Pays-Bas,1642,200,Informatique,0.0
453,UTIL0198,SESSION00454,2025-05-07 23:02:12,/panier,achat,mobile,Suisse,464,200,Maison,246.96
454,UTIL0166,SESSION00163,2025-11-19 23:02:47,/commande,cliquer_produit,tablette,Belgique,580,200,Gaming,0.0
455,UTIL0027,SESSION00224,2025-02-27 07:40:27,/paiement,voir_page,mobile,France,765,200,Beaute,0.0
456,UTIL0005,SESSION00044,2025-10-25 22:30:44,/panier,voir_page,tablette,Allemagne,1601,200,Maison,0.0
457,UTIL0174,SESSION00062,2025-01-31 11:41:09,/produits,voir_page,tablette,Belgique,519,200,Maison,0.0
458,UTIL0178,SESSION00450,2025-04-09 00:44:24,/promotion,voir_page,mobile,Suisse,631,200,Informatique,0.0
459,UTIL0287,SESSION00302,2025-10-05 22:31:12,/connexion,cliquer_produit,tablette,Allemagne,2306,200,Gaming,0.0
460,UTIL0083,SESSION00071,2025-09-29 04:28:18,/promotion,cliquer_produit,mobile,Belgique,1583,200,Telephonie,0.0
461,UTIL0095,SESSION00020,2025-11-14 11:49:39,/contact,cliquer_produit,ordinateur,Italie,339,200,Beaute,0.0
462,UTIL0269,SESSION00510,2025-10-10 04:39:18,/panier,ajouter_panier,mobile,Espagne,1399,200,Beaute,0.0
463,UTIL0067,SESSION00183,2025-01-17 06:06:31,/accueil,cliquer_produit,ordinateur,France,210,200,Telephonie,0.0
464,UTIL0270,SESSION00263,2025-01-26 11:14:38,/connexion,voir_page,tablette,France,133,404,Maison,0.0
465,UTIL0240,SESSION00063,2025-07-04 17:47:56,/produits,cliquer_produit,mobile,Pays-Bas,1591,200,Informatique,0.0
466,UTIL0271,SESSION00042,2025-02-06 09:04:13,/commande,ajouter_panier,tablette,France,494,200,Beaute,0.0
467,UTIL0270,SESSION00255,2025-10-19 20:11:35,/panier,voir_page,tablette,Belgique,1780,200,Telephonie,0.0
468,UTIL0235,SESSION00438,2025-02-23 05:50:11,/paiement,cliquer_produit,tablette,Espagne,2147,200,Maison,0.0
469,UTIL0181,SESSION00323,2025-10-09 10:54:23,/connexion,cliquer_produit,mobile,Pays-Bas,1843,200,Mode,0.0
470,UTIL0110,SESSION00385,2025-10-09 23:16:23,/promotion,cliquer_produit,mobile,Espagne,1706,200,Informatique,0.0
471,UTIL0266,SESSION00139,2025-06-04 00:19:14,/accueil,achat,ordinateur,Pays-Bas,1369,200,Telephonie,472.81
472,UTIL0262,SESSION00570,2025-10-20 18:09:06,/promotion,ajouter_panier,ordinateur,Espagne,1536,200,Mode,0.0
473,UTIL0120,SESSION00263,2025-06-03 02:36:25,/panier,voir_page,tablette,Allemagne,396,200,Telephonie,0.0
474,UTIL0296,SESSION00098,2025-11-01 20:19:02,/connexion,cliquer_produit,tablette,Pays-Bas,2440,200,Telephonie,0.0
475,UTIL0179,SESSION00445,2025-08-02 03:55:49,/paiement,voir_page,ordinateur,Suisse,126,200,Gaming,0.0
476,UTIL0269,SESSION00043,2025-06-13 17:36:09,/commande,voir_page,mobile,Belgique,984,200,Gaming,0.0
477,UTIL0229,SESSION00590,2025-09-16 02:14:27,/contact,ajouter_panier,mobile,Pays-Bas,1695,200,Mode,0.0
478,UTIL0281,SESSION00409,2025-05-15 02:25:32,/accueil,voir_page,mobile,Pays-Bas,614,200,Sport,0.0
479,UTIL0203,SESSION00586,2025-04-11 17:39:47,/connexion,cliquer_produit,tablette,Allemagne,1072,200,Telephonie,0.0
480,UTIL0058,SESSION00424,2025-08-05 11:22:12,/produits,voir_page,mobile,Italie,179,200,Maison,0.0
481,UTIL0075,SESSION00452,2025-01-23 07:12:43,/connexion,achat,mobile,Allemagne,431,200,Informatique,136.66
482,UTIL0148,SESSION00015,2025-06-25 22:51:07,/details-produit,cliquer_produit,mobile,Espagne,2009,200,Maison,0.0
483,UTIL0105,SESSION00560,2025-09-25 08:35:30,/panier,ajouter_panier,tablette,Suisse,658,200,Gaming,0.0
484,UTIL0023,SESSION00262,2025-03-29 01:18:12,/promotion,voir_page,tablette,Belgique,1191,200,Gaming,0.0
485,UTIL0199,SESSION00278,2025-12-06 21:23:55,/produits,achat,ordinateur,France,1278,200,Gaming,205.53
486,UTIL0051,SESSION00324,2025-09-06 19:34:05,/promotion,achat,ordinateur,Allemagne,2130,404,Beaute,0.0
487,UTIL0021,SESSION00254,2025-09-29 09:21:31,/accueil,passer_commande,mobile,Suisse,723,200,Gaming,0.0
488,UTIL0121,SESSION00514,2025-05-22 01:40:16,/commande,voir_page,mobile,Pays-Bas,200,404,Mode,0.0
489,UTIL0202,SESSION00141,2025-02-14 23:24:33,/paiement,voir_page,tablette,Belgique,1011,200,Beaute,0.0
490,UTIL0169,SESSION00460,2025-10-05 04:13:41,/commande,voir_page,ordinateur,Belgique,2297,200,Maison,0.0
491,UTIL0269,SESSION00139,2025-08-09 04:41:59,/commande,passer_commande,tablette,Allemagne,1380,200,Beaute,0.0
492,UTIL0095,SESSION00326,2025-03-16 23:01:48,/produits,achat,mobile,Espagne,1764,200,Gaming,468.21
493,UTIL0078,SESSION00193,2025-02-24 04:11:01,/commande,passer_commande,tablette,Belgique,1173,200,Beaute,0.0
494,UTIL0119,SESSION00027,2025-07-03 02:44:49,/panier,voir_page,mobile,Allemagne,2137,200,Sport,0.0
495,UTIL0095,SESSION00397,2025-09-09 15:08:10,/paiement,ajouter_panier,ordinateur,Allemagne,212,200,Informatique,0.0
496,UTIL0114,SESSION00208,2025-04-15 02:11:59,/contact,passer_commande,mobile,Pays-Bas,2086,200,Telephonie,0.0
497,UTIL0219,SESSION00415,2025-01-22 19:47:52,/panier,cliquer_produit,mobile,Suisse,1361,200,Gaming,0.0
498,UTIL0269,SESSION00040,2025-09-24 03:28:29,/promotion,cliquer_produit,ordinateur,Allemagne,2204,200,Gaming,0.0
499,UTIL0265,SESSION00051,2025-04-08 09:28:25,/contact,voir_page,mobile,Pays-Bas,1251,200,Sport,0.0
500,UTIL0265,SESSION00146,2025-08-26 20:28:05,/accueil,voir_page,tablette,Belgique,543,200,Beaute,0.0
501,UTIL0070,SESSION00403,2025-07-31 10:28:01,/promotion,achat,ordinateur,Espagne,2497,200,Maison,443.62
502,UTIL0084,SESSION00127,2025-02-16 03:45:28,/paiement,voir_page,tablette,Italie,429,200,Sport,0.0
503,UTIL0082,SESSION00388,2025-10-09 12:02:49,/promotion,ajouter_panier,ordinateur,Italie,2396,200,Telephonie,0.0
504,UTIL0092,SESSION00053,2025-08-03 09:19:46,/details-produit,voir_page,mobile,Italie,820,200,Maison,0.0
505,UTIL0130,SESSION00013,2025-08-23 15:54:31,/accueil,achat,tablette,Pays-Bas,103,200,Sport,134.18
506,UTIL0233,SESSION00420,2025-08-15 02:38:38,/connexion,cliquer_produit,ordinateur,Allemagne,2321,200,Gaming,0.0
507,UTIL0026,SESSION00190,2025-03-17 01:41:22,/panier,cliquer_produit,ordinateur,Allemagne,212,200,Telephonie,0.0
508,UTIL0045,SESSION00051,2025-02-25 13:11:10,/paiement,cliquer_produit,tablette,Italie,2424,200,Maison,0.0
509,UTIL0019,SESSION00096,2025-06-03 10:23:57,/paiement,achat,mobile,Pays-Bas,357,200,Telephonie,284.23
510,UTIL0063,SESSION00282,2025-06-18 16:26:33,/details-produit,voir_page,ordinateur,Suisse,936,200,Informatique,0.0
511,UTIL0045,SESSION00496,2025-12-19 19:59:50,/promotion,cliquer_produit,tablette,Italie,1829,200,Mode,0.0
512,UTIL0067,SESSION00577,2025-09-12 16:46:40,/paiement,voir_page,mobile,Espagne,816,200,Maison,0.0
513,UTIL0001,SESSION00122,2025-01-13 14:40:50,/panier,ajouter_panier,ordinateur,Suisse,929,200,Sport,0.0
514,UTIL0180,SESSION00574,2025-11-23 06:00:40,/paiement,voir_page,ordinateur,Suisse,1233,200,Informatique,0.0
515,UTIL0282,SESSION00332,2025-01-04 03:43:21,/promotion,voir_page,mobile,Espagne,2410,200,Informatique,0.0
516,UTIL0170,SESSION00347,2025-12-11 15:58:30,/panier,ajouter_panier,ordinateur,Suisse,636,200,Gaming,0.0
517,UTIL0172,SESSION00474,2025-07-31 23:03:53,/promotion,cliquer_produit,tablette,Italie,2394,200,Mode,0.0
518,UTIL0107,SESSION00592,2025-12-17 10:51:58,/accueil,cliquer_produit,mobile,France,691,200,Informatique,0.0
519,UTIL0274,SESSION00170,2025-10-20 19:24:11,/contact,voir_page,tablette,France,1342,200,Mode,0.0
520,UTIL0212,SESSION00089,2025-09-12 07:23:28,/commande,ajouter_panier,mobile,Allemagne,2230,200,Informatique,0.0
521,UTIL0104,SESSION00095,2025-08-16 16:01:51,/accueil,voir_page,mobile,Belgique,711,200,Sport,0.0
522,UTIL0159,SESSION00336,2025-03-15 03:52:33,/promotion,ajouter_panier,tablette,Allemagne,920,200,Sport,0.0
523,UTIL0060,SESSION00005,2025-06-09 01:43:54,/promotion,voir_page,tablette,Pays-Bas,436,200,Informatique,0.0
524,UTIL0012,SESSION00592,2025-06-09 20:57:13,/commande,voir_page,mobile,Allemagne,868,200,Beaute,0.0
525,UTIL0061,SESSION00280,2025-03-18 05:17:07,/connexion,voir_page,ordinateur,Belgique,2372,200,Maison,0.0
526,UTIL0164,SESSION00278,2025-03-14 22:51:18,/promotion,cliquer_produit,tablette,Allemagne,781,200,Beaute,0.0
527,UTIL0228,SESSION00052,2025-03-08 00:30:57,/promotion,passer_commande,tablette,France,513,200,Informatique,0.0
528,UTIL0229,SESSION00365,2025-06-09 10:52:12,/details-produit,voir_page,tablette,Pays-Bas,2265,200,Telephonie,0.0
529,UTIL0048,SESSION00480,2025-02-19 14:19:43,/details-produit,ajouter_panier,tablette,Suisse,1986,200,Maison,0.0
530,UTIL0187,SESSION00402,2025-04-04 22:58:42,/commande,voir_page,mobile,Pays-Bas,1410,200,Informatique,0.0
531,UTIL0180,SESSION00491,2025-08-25 05:18:49,/produits,voir_page,mobile,Belgique,2433,200,Informatique,0.0
532,UTIL0167,SESSION00570,2025-11-29 02:50:19,/produits,voir_page,tablette,Espagne,1721,200,Maison,0.0
533,UTIL0082,SESSION00494,2025-07-16 02:21:13,/promotion,cliquer_produit,tablette,Belgique,1845,200,Sport,0.0
534,UTIL0279,SESSION00242,2025-03-30 21:42:04,/paiement,cliquer_produit,tablette,Suisse,2431,200,Informatique,0.0
535,UTIL0167,SESSION00569,2025-02-19 14:11:19,/connexion,cliquer_produit,mobile,France,525,200,Beaute,0.0
536,UTIL0168,SESSION00507,2025-11-27 21:03:05,/contact,ajouter_panier,ordinateur,Pays-Bas,649,200,Telephonie,0.0
537,UTIL0076,SESSION00153,2025-08-20 17:18:24,/accueil,cliquer_produit,tablette,Belgique,1911,200,Gaming,0.0
538,UTIL0292,SESSION00312,2025-08-11 22:58:22,/commande,passer_commande,ordinateur,Belgique,113,200,Beaute,0.0
539,UTIL0151,SESSION00064,2025-07-09 17:03:00,/details-produit,voir_page,tablette,Belgique,1551,200,Mode,0.0
540,UTIL0222,SESSION00404,2025-11-17 10:45:24,/panier,passer_commande,mobile,Espagne,1862,200,Gaming,0.0
541,UTIL0097,SESSION00569,2025-07-16 11:53:26,/details-produit,voir_page,ordinateur,Italie,594,200,Informatique,0.0
542,UTIL0250,SESSION00448,2025-03-11 02:08:41,/details-produit,cliquer_produit,mobile,Pays-Bas,1947,200,Gaming,0.0
543,UTIL0093,SESSION00466,2025-09-18 13:35:52,/contact,cliquer_produit,mobile,Espagne,1535,200,Sport,0.0
544,UTIL0122,SESSION00514,2025-05-18 13:59:34,/connexion,cliquer_produit,tablette,Italie,217,500,Beaute,0.0
545,UTIL0058,SESSION00595,2025-09-04 22:05:09,/paiement,cliquer_produit,tablette,Suisse,2236,500,Telephonie,0.0
546,UTIL0265,SESSION00081,2025-09-25 19:05:15,/connexion,ajouter_panier,mobile,Suisse,399,200,Beaute,0.0
547,UTIL0028,SESSION00352,2025-10-01 00:30:29,/commande,ajouter_panier,tablette,Espagne,2430,200,Sport,0.0
548,UTIL0149,SESSION00172,2025-01-19 22:59:38,/commande,voir_page,tablette,Italie,2388,200,Gaming,0.0
549,UTIL0294,SESSION00053,2025-12-03 09:51:47,/details-produit,cliquer_produit,tablette,France,1254,200,Maison,0.0
550,UTIL0130,SESSION00136,2025-11-12 08:17:54,/commande,cliquer_produit,mobile,France,536,200,Beaute,0.0
551,UTIL0190,SESSION00180,2025-05-14 22:15:31,/connexion,ajouter_panier,ordinateur,Pays-Bas,2240,200,Mode,0.0
552,UTIL0079,SESSION00508,2025-07-31 12:15:42,/details-produit,achat,mobile,Suisse,765,200,Gaming,424.08
553,UTIL0060,SESSION00054,2025-03-27 14:25:30,/commande,voir_page,mobile,Espagne,2261,200,Gaming,0.0
554,UTIL0135,SESSION00149,2025-09-29 13:00:18,/connexion,ajouter_panier,mobile,Espagne,1373,404,Gaming,0.0
555,UTIL0273,SESSION00363,2025-08-10 19:58:41,/produits,achat,mobile,Italie,1187,200,Informatique,142.57
556,UTIL0124,SESSION00200,2025-09-24 10:43:44,/connexion,cliquer_produit,ordinateur,Italie,2323,200,Informatique,0.0
557,UTIL0211,SESSION00101,2025-09-26 03:43:28,/accueil,ajouter_panier,mobile,Allemagne,1240,200,Informatique,0.0
558,UTIL0030,SESSION00223,2025-11-03 20:07:45,/produits,voir_page,ordinateur,France,612,200,Telephonie,0.0
559,UTIL0057,SESSION00189,2025-05-10 09:29:42,/details-produit,passer_commande,ordinateur,Suisse,1937,404,Mode,0.0
560,UTIL0132,SESSION00166,2025-02-07 08:49:03,/paiement,ajouter_panier,mobile,Espagne,1442,500,Mode,0.0
561,UTIL0092,SESSION00452,2025-02-05 15:59:12,/commande,achat,tablette,Espagne,810,200,Informatique,89.06
562,UTIL0055,SESSION00453,2025-05-13 03:02:04,/panier,ajouter_panier,ordinateur,Belgique,1106,200,Informatique,0.0
563,UTIL0001,SESSION00039,2025-12-07 12:17:09,/details-produit,passer_commande,tablette,Italie,1682,200,Beaute,0.0
564,UTIL0245,SESSION00447,2025-07-26 23:49:51,/connexion,ajouter_panier,ordinateur,Belgique,1005,200,Gaming,0.0
565,UTIL0063,SESSION00581,2025-10-02 11:21:43,/connexion,ajouter_panier,mobile,Espagne,306,200,Gaming,0.0
566,UTIL0175,SESSION00083,2025-08-24 09:41:12,/promotion,voir_page,ordinateur,Belgique,241,404,Gaming,0.0
567,UTIL0055,SESSION00368,2025-09-07 02:56:40,/contact,voir_page,mobile,Suisse,856,200,Maison,0.0
568,UTIL0251,SESSION00399,2025-02-02 17:41:19,/panier,voir_page,mobile,Belgique,1920,404,Informatique,0.0
569,UTIL0173,SESSION00044,2025-07-27 03:13:51,/accueil,voir_page,tablette,Suisse,2222,200,Gaming,0.0
570,UTIL0077,SESSION00594,2025-04-30 02:02:47,/promotion,passer_commande,ordinateur,Espagne,158,200,Beaute,0.0
571,UTIL0008,SESSION00177,2025-11-20 01:57:19,/details-produit,voir_page,ordinateur,Espagne,779,200,Informatique,0.0
572,UTIL0059,SESSION00510,2025-11-01 19:14:04,/produits,ajouter_panier,ordinateur,Espagne,1461,200,Gaming,0.0
573,UTIL0062,SESSION00590,2025-10-07 04:20:53,/paiement,cliquer_produit,ordinateur,Pays-Bas,266,200,Mode,0.0
574,UTIL0073,SESSION00426,2025-03-28 22:23:35,/commande,voir_page,ordinateur,Espagne,1077,404,Informatique,0.0
575,UTIL0081,SESSION00017,2025-09-07 02:00:00,/contact,voir_page,ordinateur,France,1242,200,Telephonie,0.0
576,UTIL0065,SESSION00212,2025-03-15 20:17:33,/connexion,ajouter_panier,mobile,Espagne,1059,404,Beaute,0.0
577,UTIL0256,SESSION00091,2025-11-18 09:22:26,/details-produit,cliquer_produit,ordinateur,Belgique,1045,200,Beaute,0.0
578,UTIL0277,SESSION00520,2025-04-23 14:49:40,/paiement,achat,tablette,Allemagne,1212,200,Informatique,402.37
579,UTIL0255,SESSION00181,2025-03-23 21:59:02,/connexion,cliquer_produit,ordinateur,Suisse,1571,200,Sport,0.0
580,UTIL0023,SESSION00107,2025-01-27 17:11:10,/connexion,voir_page,ordinateur,Espagne,2189,200,Maison,0.0
581,UTIL0215,SESSION00204,2025-12-13 10:14:49,/paiement,ajouter_panier,ordinateur,Italie,1012,200,Gaming,0.0
582,UTIL0193,SESSION00226,2025-02-07 15:37:31,/panier,voir_page,ordinateur,Espagne,673,200,Beaute,0.0
583,UTIL0192,SESSION00140,2025-08-23 23:12:40,/contact,cliquer_produit,mobile,Italie,908,200,Informatique,0.0
584,UTIL0144,SESSION00140,2025-02-26 14:29:26,/accueil,cliquer_produit,ordinateur,Pays-Bas,1487,200,Mode,0.0
585,UTIL0296,SESSION00567,2025-04-28 02:26:54,/details-produit,cliquer_produit,tablette,Espagne,966,200,Telephonie,0.0
586,UTIL0220,SESSION00253,2025-05-07 10:27:37,/accueil,cliquer_produit,ordinateur,Belgique,690,404,Informatique,0.0
587,UTIL0021,SESSION00482,2025-09-16 01:27:33,/accueil,voir_page,mobile,Espagne,481,200,Maison,0.0
588,UTIL0209,SESSION00224,2025-03-09 11:18:15,/accueil,voir_page,tablette,France,145,200,Mode,0.0
589,UTIL0293,SESSION00598,2025-01-13 14:29:49,/connexion,voir_page,ordinateur,Pays-Bas,1740,200,Telephonie,0.0
590,UTIL0001,SESSION00073,2025-07-17 22:21:33,/connexion,voir_page,ordinateur,Italie,1824,200,Gaming,0.0
591,UTIL0295,SESSION00213,2025-12-17 02:39:56,/promotion,achat,mobile,Suisse,304,200,Gaming,194.72
592,UTIL0188,SESSION00477,2025-11-13 01:23:23,/contact,voir_page,ordinateur,Suisse,2368,200,Beaute,0.0
593,UTIL0071,SESSION00343,2025-05-03 17:07:41,/panier,ajouter_panier,mobile,Suisse,2456,200,Gaming,0.0
594,UTIL0165,SESSION00362,2025-05-17 16:43:27,/panier,voir_page,mobile,France,339,200,Sport,0.0
595,UTIL0063,SESSION00482,2025-12-30 17:43:52,/promotion,cliquer_produit,tablette,Italie,1931,200,Telephonie,0.0
596,UTIL0097,SESSION00469,2025-02-14 02:25:57,/produits,cliquer_produit,ordinateur,Italie,395,200,Mode,0.0
597,UTIL0255,SESSION00155,2025-04-15 16:40:01,/details-produit,voir_page,mobile,Espagne,2297,404,Sport,0.0
598,UTIL0011,SESSION00299,2025-04-07 02:01:55,/connexion,voir_page,ordinateur,Pays-Bas,2208,200,Sport,0.0
599,UTIL0249,SESSION00543,2025-10-08 14:29:19,/paiement,cliquer_produit,tablette,Allemagne,1335,200,Mode,0.0
600,UTIL0148,SESSION00049,2025-03-17 11:18:29,/paiement,voir_page,ordinateur,Belgique,738,200,Mode,0.0
601,UTIL0079,SESSION00166,2025-05-02 03:02:20,/details-produit,voir_page,tablette,Allemagne,1885,200,Maison,0.0
602,UTIL0163,SESSION00353,2025-03-17 11:28:34,/accueil,voir_page,ordinateur,Belgique,1315,200,Informatique,0.0
603,UTIL0075,SESSION00470,2025-06-13 04:00:47,/connexion,voir_page,tablette,Belgique,1436,200,Mode,0.0
604,UTIL0294,SESSION00151,2025-10-17 23:58:59,/commande,cliquer_produit,mobile,Italie,540,200,Informatique,0.0
605,UTIL0060,SESSION00316,2025-01-13 12:39:53,/promotion,voir_page,ordinateur,Espagne,1543,200,Informatique,0.0
606,UTIL0299,SESSION00540,2025-04-24 08:12:01,/panier,cliquer_produit,ordinateur,Belgique,1904,200,Informatique,0.0
607,UTIL0100,SESSION00503,2025-06-12 19:38:32,/contact,achat,ordinateur,Suisse,1558,200,Gaming,429.83
608,UTIL0007,SESSION00292,2025-06-26 11:19:28,/paiement,voir_page,tablette,France,963,200,Sport,0.0
609,UTIL0227,SESSION00296,2025-03-25 23:57:27,/contact,ajouter_panier,tablette,Espagne,651,200,Beaute,0.0
610,UTIL0156,SESSION00487,2025-09-26 10:04:59,/panier,voir_page,tablette,Pays-Bas,1619,200,Sport,0.0
611,UTIL0213,SESSION00180,2025-10-12 14:45:36,/commande,cliquer_produit,ordinateur,Allemagne,841,200,Mode,0.0
612,UTIL0155,SESSION00600,2025-06-05 15:35:47,/accueil,cliquer_produit,mobile,Allemagne,189,200,Maison,0.0
613,UTIL0064,SESSION00295,2025-08-02 05:31:58,/connexion,voir_page,tablette,Suisse,1082,200,Telephonie,0.0
614,UTIL0186,SESSION00596,2025-09-04 18:27:55,/produits,voir_page,mobile,Suisse,2029,500,Telephonie,0.0
615,UTIL0295,SESSION00018,2025-05-13 05:37:03,/promotion,voir_page,ordinateur,Italie,1968,200,Maison,0.0
616,UTIL0140,SESSION00370,2025-08-03 20:58:22,/accueil,voir_page,ordinateur,Italie,1274,200,Informatique,0.0
617,UTIL0049,SESSION00172,2025-10-06 10:55:20,/details-produit,cliquer_produit,tablette,Pays-Bas,1313,200,Gaming,0.0
618,UTIL0274,SESSION00594,2025-06-30 04:00:08,/produits,cliquer_produit,tablette,Italie,1607,200,Sport,0.0
619,UTIL0053,SESSION00224,2025-03-21 16:14:53,/details-produit,voir_page,ordinateur,Pays-Bas,2368,200,Telephonie,0.0
620,UTIL0283,SESSION00117,2025-08-02 14:58:04,/promotion,achat,ordinateur,Pays-Bas,617,404,Sport,0.0
621,UTIL0072,SESSION00453,2025-11-02 16:48:21,/paiement,voir_page,ordinateur,Suisse,1327,200,Telephonie,0.0
622,UTIL0073,SESSION00233,2025-06-07 04:13:08,/details-produit,voir_page,ordinateur,Espagne,537,200,Telephonie,0.0
623,UTIL0022,SESSION00202,2025-02-25 01:50:42,/contact,cliquer_produit,tablette,Belgique,322,200,Mode,0.0
624,UTIL0006,SESSION00099,2025-03-05 19:13:37,/commande,voir_page,ordinateur,Allemagne,1519,200,Maison,0.0
625,UTIL0297,SESSION00357,2025-06-30 05:54:32,/commande,ajouter_panier,tablette,Belgique,1070,200,Informatique,0.0
626,UTIL0271,SESSION00223,2025-04-09 09:10:57,/accueil,voir_page,tablette,France,484,404,Beaute,0.0
627,UTIL0188,SESSION00190,2025-08-14 21:06:11,/connexion,passer_commande,mobile,Espagne,1817,200,Maison,0.0
628,UTIL0064,SESSION00478,2025-02-26 16:08:31,/paiement,voir_page,mobile,Suisse,1260,200,Informatique,0.0
629,UTIL0060,SESSION00395,2025-05-26 14:38:47,/connexion,voir_page,mobile,Suisse,1898,200,Sport,0.0
630,UTIL0097,SESSION00072,2025-09-01 21:23:11,/contact,voir_page,ordinateur,Suisse,2093,200,Sport,0.0
631,UTIL0062,SESSION00147,2025-07-22 12:44:37,/produits,voir_page,ordinateur,Suisse,771,200,Maison,0.0
632,UTIL0063,SESSION00239,2025-08-06 23:31:17,/contact,voir_page,tablette,Pays-Bas,2463,200,Telephonie,0.0
633,UTIL0183,SESSION00488,2025-12-08 19:25:31,/contact,ajouter_panier,tablette,Italie,683,200,Informatique,0.0
634,UTIL0255,SESSION00237,2025-11-18 04:01:06,/connexion,voir_page,tablette,France,359,200,Informatique,0.0
635,UTIL0168,SESSION00157,2025-06-05 19:39:06,/contact,achat,ordinateur,Suisse,2209,200,Telephonie,243.69
636,UTIL0252,SESSION00517,2025-05-14 17:21:51,/connexion,voir_page,tablette,Belgique,152,404,Informatique,0.0
637,UTIL0197,SESSION00461,2025-06-11 12:28:29,/produits,achat,ordinateur,France,804,200,Telephonie,394.1
638,UTIL0252,SESSION00442,2025-03-10 09:45:24,/details-produit,passer_commande,mobile,Pays-Bas,528,200,Sport,0.0
639,UTIL0293,SESSION00482,2025-09-01 17:54:10,/promotion,cliquer_produit,tablette,France,1683,200,Beaute,0.0
640,UTIL0146,SESSION00329,2025-02-01 00:37:02,/paiement,achat,ordinateur,Pays-Bas,1580,200,Gaming,300.3
641,UTIL0195,SESSION00100,2025-08-08 11:22:26,/paiement,ajouter_panier,mobile,France,1080,200,Gaming,0.0
642,UTIL0034,SESSION00313,2025-02-28 10:10:01,/produits,voir_page,tablette,Italie,233,200,Telephonie,0.0
643,UTIL0216,SESSION00274,2025-01-11 22:30:37,/promotion,voir_page,ordinateur,Italie,1627,200,Mode,0.0
644,UTIL0052,SESSION00211,2025-06-22 15:32:51,/connexion,cliquer_produit,tablette,Italie,762,200,Mode,0.0
645,UTIL0255,SESSION00078,2025-10-02 06:18:16,/panier,achat,ordinateur,Italie,2429,200,Maison,319.79
646,UTIL0173,SESSION00280,2025-02-04 18:51:33,/produits,achat,mobile,Espagne,939,200,Informatique,332.74
647,UTIL0222,SESSION00553,2025-06-10 06:26:25,/commande,voir_page,mobile,Belgique,2190,200,Telephonie,0.0
648,UTIL0265,SESSION00192,2025-10-23 15:13:42,/accueil,cliquer_produit,tablette,Espagne,1177,404,Beaute,0.0
649,UTIL0290,SESSION00062,2025-09-25 06:23:29,/contact,ajouter_panier,ordinateur,Allemagne,696,200,Telephonie,0.0
650,UTIL0211,SESSION00327,2025-02-02 20:13:54,/contact,voir_page,mobile,Italie,1255,200,Mode,0.0
651,UTIL0208,SESSION00245,2025-02-28 04:12:01,/panier,cliquer_produit,ordinateur,Pays-Bas,1351,200,Beaute,0.0
652,UTIL0019,SESSION00207,2025-03-23 08:08:01,/contact,achat,mobile,Pays-Bas,1217,200,Maison,329.26
653,UTIL0011,SESSION00057,2025-02-12 10:38:19,/connexion,voir_page,ordinateur,Espagne,1568,200,Informatique,0.0
654,UTIL0121,SESSION00115,2025-10-20 23:32:59,/details-produit,voir_page,ordinateur,Belgique,2457,404,Beaute,0.0
655,UTIL0122,SESSION00126,2025-06-10 10:53:37,/produits,voir_page,tablette,Espagne,1046,404,Maison,0.0
656,UTIL0110,SESSION00282,2025-08-14 13:16:55,/details-produit,voir_page,tablette,France,2088,200,Gaming,0.0
657,UTIL0280,SESSION00434,2025-09-01 21:15:17,/paiement,achat,ordinateur,Italie,2026,200,Telephonie,167.92
658,UTIL0028,SESSION00246,2025-05-10 17:24:19,/accueil,cliquer_produit,tablette,Suisse,1566,404,Gaming,0.0
659,UTIL0227,SESSION00398,2025-01-05 12:59:58,/panier,voir_page,mobile,Italie,449,404,Telephonie,0.0
660,UTIL0083,SESSION00450,2025-11-20 10:56:51,/panier,voir_page,tablette,Espagne,218,200,Informatique,0.0
661,UTIL0242,SESSION00423,2025-06-20 22:27:56,/connexion,ajouter_panier,ordinateur,Pays-Bas,736,200,Beaute,0.0
662,UTIL0281,SESSION00335,2025-08-21 22:01:48,/contact,voir_page,ordinateur,Suisse,832,200,Telephonie,0.0
663,UTIL0206,SESSION00205,2025-11-18 09:20:36,/accueil,cliquer_produit,ordinateur,France,726,200,Gaming,0.0
664,UTIL0211,SESSION00328,2025-08-20 15:55:47,/details-produit,achat,ordinateur,Italie,790,200,Telephonie,177.24
665,UTIL0213,SESSION00377,2025-04-04 12:56:24,/produits,voir_page,tablette,Allemagne,164,404,Beaute,0.0
666,UTIL0046,SESSION00474,2025-04-12 08:44:54,/panier,cliquer_produit,ordinateur,France,1722,200,Beaute,0.0
667,UTIL0189,SESSION00175,2025-10-18 03:00:45,/produits,voir_page,tablette,Espagne,1938,200,Sport,0.0
668,UTIL0098,SESSION00273,2025-05-28 23:31:24,/panier,voir_page,ordinateur,Espagne,926,200,Telephonie,0.0
669,UTIL0215,SESSION00185,2025-07-29 04:01:18,/panier,voir_page,mobile,Allemagne,1927,404,Mode,0.0
670,UTIL0044,SESSION00011,2025-08-29 04:55:20,/connexion,cliquer_produit,tablette,Espagne,949,200,Gaming,0.0
671,UTIL0038,SESSION00098,2025-10-13 01:03:21,/commande,voir_page,ordinateur,Espagne,1531,500,Gaming,0.0
672,UTIL0003,SESSION00260,2025-09-16 19:24:19,/accueil,achat,mobile,Suisse,1599,200,Beaute,39.74
673,UTIL0258,SESSION00505,2025-06-23 14:08:05,/details-produit,voir_page,mobile,Suisse,2252,200,Mode,0.0
674,UTIL0066,SESSION00512,2025-05-24 23:23:59,/accueil,voir_page,mobile,Italie,1158,200,Telephonie,0.0
675,UTIL0161,SESSION00447,2025-03-26 10:47:31,/promotion,passer_commande,ordinateur,Belgique,1882,200,Maison,0.0
676,UTIL0019,SESSION00482,2025-05-14 05:45:29,/details-produit,voir_page,mobile,France,2107,200,Mode,0.0
677,UTIL0249,SESSION00469,2025-09-10 03:54:46,/promotion,achat,ordinateur,France,1511,200,Telephonie,156.38
678,UTIL0140,SESSION00577,2025-12-06 18:13:37,/promotion,ajouter_panier,ordinateur,Belgique,2417,200,Informatique,0.0
679,UTIL0049,SESSION00337,2025-01-14 09:43:43,/connexion,voir_page,ordinateur,Espagne,1610,200,Informatique,0.0
680,UTIL0015,SESSION00084,2025-08-24 22:42:30,/details-produit,ajouter_panier,mobile,Suisse,1183,200,Informatique,0.0
681,UTIL0232,SESSION00333,2025-10-19 04:13:55,/accueil,voir_page,ordinateur,Pays-Bas,1238,200,Informatique,0.0
682,UTIL0196,SESSION00095,2025-07-24 08:11:15,/promotion,ajouter_panier,mobile,France,164,200,Maison,0.0
683,UTIL0146,SESSION00158,2025-03-03 09:31:51,/contact,voir_page,mobile,Suisse,1350,404,Beaute,0.0
684,UTIL0189,SESSION00525,2025-04-13 15:28:56,/produits,voir_page,mobile,Espagne,1179,200,Sport,0.0
685,UTIL0189,SESSION00191,2025-08-11 20:27:05,/contact,voir_page,ordinateur,Belgique,1479,500,Gaming,0.0
686,UTIL0254,SESSION00540,2025-11-19 20:33:05,/details-produit,voir_page,mobile,Espagne,1871,200,Telephonie,0.0
687,UTIL0066,SESSION00308,2025-05-08 16:27:18,/details-produit,cliquer_produit,tablette,France,2336,200,Informatique,0.0
688,UTIL0218,SESSION00423,2025-02-18 14:42:46,/promotion,cliquer_produit,tablette,Pays-Bas,1117,200,Beaute,0.0
689,UTIL0009,SESSION00117,2025-12-05 14:11:50,/promotion,voir_page,ordinateur,Pays-Bas,1689,200,Sport,0.0
690,UTIL0161,SESSION00466,2025-12-10 14:39:51,/commande,passer_commande,mobile,Italie,846,200,Informatique,0.0
691,UTIL0055,SESSION00445,2025-10-01 00:00:25,/commande,ajouter_panier,ordinateur,France,783,200,Sport,0.0
692,UTIL0156,SESSION00370,2025-12-20 21:44:43,/connexion,cliquer_produit,mobile,Pays-Bas,1319,200,Maison,0.0
693,UTIL0009,SESSION00193,2025-01-14 06:30:41,/produits,voir_page,ordinateur,Suisse,1070,200,Gaming,0.0
694,UTIL0098,SESSION00089,2025-06-04 14:09:30,/promotion,passer_commande,mobile,France,557,200,Maison,0.0
695,UTIL0249,SESSION00483,2025-01-11 14:37:15,/connexion,ajouter_panier,ordinateur,Italie,2412,200,Sport,0.0
696,UTIL0053,SESSION00443,2025-08-01 15:47:37,/accueil,voir_page,tablette,Suisse,2350,500,Informatique,0.0
697,UTIL0263,SESSION00500,2025-04-29 22:03:33,/connexion,cliquer_produit,ordinateur,Espagne,2440,200,Informatique,0.0
698,UTIL0243,SESSION00120,2025-09-11 19:41:22,/contact,voir_page,mobile,Suisse,1866,200,Mode,0.0
699,UTIL0177,SESSION00449,2025-04-29 16:14:37,/connexion,ajouter_panier,tablette,Italie,1998,200,Mode,0.0
700,UTIL0214,SESSION00369,2025-08-30 05:39:13,/contact,ajouter_panier,mobile,Suisse,433,200,Maison,0.0
701,UTIL0252,SESSION00104,2025-08-01 15:19:15,/details-produit,voir_page,ordinateur,Belgique,272,500,Mode,0.0
702,UTIL0082,SESSION00179,2025-09-15 01:51:04,/paiement,passer_commande,mobile,Espagne,546,200,Informatique,0.0
703,UTIL0133,SESSION00349,2025-07-01 01:49:56,/connexion,cliquer_produit,tablette,Italie,699,200,Telephonie,0.0
704,UTIL0026,SESSION00449,2025-08-23 03:06:50,/produits,cliquer_produit,tablette,Belgique,497,200,Informatique,0.0
705,UTIL0061,SESSION00211,2025-07-05 05:46:18,/details-produit,cliquer_produit,tablette,Espagne,2152,200,Telephonie,0.0
706,UTIL0172,SESSION00142,2025-03-04 06:28:26,/paiement,voir_page,ordinateur,Allemagne,2020,200,Beaute,0.0
707,UTIL0191,SESSION00425,2025-07-04 20:42:15,/commande,voir_page,ordinateur,Pays-Bas,2249,200,Maison,0.0
708,UTIL0212,SESSION00420,2025-08-23 16:50:43,/contact,voir_page,mobile,France,1892,200,Informatique,0.0
709,UTIL0036,SESSION00087,2025-06-23 10:25:49,/promotion,ajouter_panier,ordinateur,Espagne,331,200,Informatique,0.0
710,UTIL0295,SESSION00060,2025-11-20 22:51:42,/details-produit,cliquer_produit,tablette,Italie,1797,200,Gaming,0.0
711,UTIL0161,SESSION00353,2025-01-05 08:57:33,/commande,ajouter_panier,tablette,Allemagne,1734,200,Maison,0.0
712,UTIL0177,SESSION00415,2025-04-12 09:05:02,/connexion,passer_commande,tablette,Italie,1677,200,Gaming,0.0
713,UTIL0277,SESSION00291,2025-04-20 02:32:35,/promotion,passer_commande,mobile,Belgique,1475,200,Maison,0.0
714,UTIL0133,SESSION00248,2025-06-05 23:27:32,/promotion,voir_page,ordinateur,Suisse,325,200,Mode,0.0
715,UTIL0064,SESSION00049,2025-11-30 03:28:19,/paiement,cliquer_produit,tablette,Suisse,101,200,Maison,0.0
716,UTIL0120,SESSION00359,2025-06-03 09:42:50,/promotion,ajouter_panier,tablette,Belgique,653,200,Beaute,0.0
717,UTIL0168,SESSION00529,2025-10-26 06:52:49,/produits,ajouter_panier,mobile,Espagne,481,200,Sport,0.0
718,UTIL0048,SESSION00064,2025-08-06 04:30:13,/produits,ajouter_panier,mobile,France,1592,200,Sport,0.0
719,UTIL0203,SESSION00271,2025-10-27 15:40:27,/promotion,cliquer_produit,mobile,Suisse,2085,200,Sport,0.0
720,UTIL0259,SESSION00131,2025-09-06 22:29:08,/details-produit,ajouter_panier,tablette,Belgique,2247,200,Maison,0.0
721,UTIL0081,SESSION00573,2025-07-09 03:38:54,/accueil,cliquer_produit,mobile,France,575,200,Mode,0.0
722,UTIL0061,SESSION00381,2025-06-06 11:19:18,/details-produit,voir_page,mobile,France,665,200,Beaute,0.0
723,UTIL0146,SESSION00221,2025-04-04 23:31:00,/commande,voir_page,ordinateur,Belgique,1508,200,Informatique,0.0
724,UTIL0290,SESSION00464,2025-06-22 12:30:53,/commande,voir_page,tablette,Pays-Bas,623,200,Beaute,0.0
725,UTIL0230,SESSION00153,2025-06-16 02:51:39,/connexion,cliquer_produit,tablette,Belgique,1757,200,Sport,0.0
726,UTIL0227,SESSION00285,2025-11-27 02:55:10,/accueil,voir_page,tablette,France,2422,200,Telephonie,0.0
727,UTIL0064,SESSION00573,2025-02-13 06:39:34,/promotion,ajouter_panier,tablette,Pays-Bas,296,404,Beaute,0.0
728,UTIL0258,SESSION00020,2025-03-03 21:59:34,/connexion,voir_page,ordinateur,France,1206,200,Maison,0.0
729,UTIL0044,SESSION00547,2025-11-07 10:25:37,/connexion,ajouter_panier,ordinateur,Espagne,175,200,Maison,0.0
730,UTIL0163,SESSION00392,2025-05-12 02:07:06,/promotion,voir_page,tablette,Allemagne,1248,200,Mode,0.0
731,UTIL0158,SESSION00418,2025-12-14 05:03:39,/details-produit,ajouter_panier,mobile,Allemagne,191,200,Mode,0.0
732,UTIL0073,SESSION00423,2025-06-15 08:24:52,/paiement,voir_page,ordinateur,France,909,200,Beaute,0.0
733,UTIL0261,SESSION00517,2025-07-17 03:17:03,/connexion,cliquer_produit,mobile,Espagne,2345,200,Sport,0.0
734,UTIL0010,SESSION00276,2025-10-11 18:43:06,/panier,voir_page,ordinateur,Pays-Bas,2352,200,Maison,0.0
735,UTIL0229,SESSION00086,2025-11-22 16:13:50,/contact,voir_page,ordinateur,Italie,2293,500,Telephonie,0.0
736,UTIL0285,SESSION00463,2025-01-22 00:52:29,/contact,voir_page,tablette,Italie,765,200,Sport,0.0
737,UTIL0195,SESSION00360,2025-11-20 06:37:53,/commande,voir_page,tablette,Italie,266,200,Beaute,0.0
738,UTIL0046,SESSION00405,2025-12-24 03:53:08,/commande,cliquer_produit,tablette,Belgique,1224,200,Maison,0.0
739,UTIL0176,SESSION00268,2025-12-29 14:17:15,/paiement,cliquer_produit,tablette,Italie,1479,200,Beaute,0.0
740,UTIL0002,SESSION00488,2025-01-03 00:43:11,/details-produit,voir_page,mobile,Belgique,2082,200,Beaute,0.0
741,UTIL0276,SESSION00032,2025-12-10 14:43:07,/produits,voir_page,mobile,Pays-Bas,1621,200,Mode,0.0
742,UTIL0064,SESSION00474,2025-07-09 06:28:00,/accueil,voir_page,ordinateur,Suisse,161,200,Gaming,0.0
743,UTIL0099,SESSION00093,2025-11-11 20:19:51,/paiement,passer_commande,tablette,Allemagne,1039,500,Mode,0.0
744,UTIL0108,SESSION00008,2025-04-11 20:25:07,/connexion,voir_page,mobile,Belgique,2129,200,Beaute,0.0
745,UTIL0034,SESSION00132,2025-02-03 04:16:59,/details-produit,voir_page,tablette,Pays-Bas,1013,200,Gaming,0.0
746,UTIL0012,SESSION00546,2025-11-11 08:43:35,/panier,ajouter_panier,mobile,France,1829,200,Gaming,0.0
747,UTIL0222,SESSION00417,2025-05-21 03:43:33,/paiement,voir_page,mobile,Espagne,1560,200,Informatique,0.0
748,UTIL0025,SESSION00285,2025-08-04 17:28:20,/panier,passer_commande,ordinateur,Espagne,877,200,Beaute,0.0
749,UTIL0217,SESSION00077,2025-05-08 06:10:21,/panier,ajouter_panier,mobile,France,476,200,Sport,0.0
750,UTIL0129,SESSION00254,2025-02-25 15:15:21,/paiement,ajouter_panier,ordinateur,Pays-Bas,1446,200,Maison,0.0
751,UTIL0049,SESSION00458,2025-10-24 03:05:03,/connexion,achat,ordinateur,Espagne,1363,200,Gaming,51.21
752,UTIL0029,SESSION00309,2025-11-09 20:27:04,/connexion,voir_page,ordinateur,Suisse,308,200,Mode,0.0
753,UTIL0050,SESSION00421,2025-04-30 19:50:42,/contact,ajouter_panier,tablette,France,1937,200,Telephonie,0.0
754,UTIL0174,SESSION00027,2025-08-21 16:21:37,/produits,voir_page,ordinateur,France,500,200,Gaming,0.0
755,UTIL0294,SESSION00130,2025-11-23 16:16:22,/panier,voir_page,mobile,Espagne,1901,200,Maison,0.0
756,UTIL0066,SESSION00320,2025-10-27 13:32:41,/accueil,ajouter_panier,mobile,Italie,2470,200,Telephonie,0.0
757,UTIL0159,SESSION00352,2025-05-30 11:00:33,/connexion,voir_page,tablette,Suisse,672,200,Beaute,0.0
758,UTIL0028,SESSION00433,2025-06-26 06:12:40,/promotion,ajouter_panier,ordinateur,Pays-Bas,360,200,Gaming,0.0
759,UTIL0170,SESSION00593,2025-10-17 10:39:19,/connexion,cliquer_produit,mobile,Italie,744,200,Telephonie,0.0
760,UTIL0113,SESSION00004,2025-11-24 07:44:14,/connexion,passer_commande,mobile,Belgique,953,200,Gaming,0.0
761,UTIL0193,SESSION00211,2025-07-24 05:52:00,/paiement,ajouter_panier,mobile,France,382,200,Beaute,0.0
762,UTIL0226,SESSION00200,2025-11-20 18:58:48,/commande,voir_page,mobile,France,201,200,Mode,0.0
763,UTIL0090,SESSION00348,2025-10-11 07:11:12,/commande,voir_page,ordinateur,Allemagne,1152,404,Informatique,0.0
764,UTIL0195,SESSION00114,2025-06-23 06:19:29,/details-produit,ajouter_panier,ordinateur,Italie,1605,200,Beaute,0.0
765,UTIL0034,SESSION00122,2025-03-15 04:50:12,/contact,achat,ordinateur,Belgique,1629,200,Mode,307.78
766,UTIL0024,SESSION00194,2025-10-02 09:50:09,/panier,achat,mobile,Allemagne,298,200,Mode,438.97
767,UTIL0108,SESSION00084,2025-08-29 21:39:04,/connexion,passer_commande,ordinateur,Belgique,1669,200,Gaming,0.0
768,UTIL0256,SESSION00532,2025-08-26 05:20:45,/paiement,ajouter_panier,mobile,Belgique,2059,200,Sport,0.0
769,UTIL0299,SESSION00038,2025-04-17 07:57:12,/contact,cliquer_produit,mobile,Pays-Bas,1040,200,Mode,0.0
770,UTIL0293,SESSION00161,2025-07-11 08:35:05,/contact,voir_page,ordinateur,Pays-Bas,424,200,Beaute,0.0
771,UTIL0239,SESSION00525,2025-11-15 10:27:28,/accueil,voir_page,mobile,Espagne,1755,200,Sport,0.0
772,UTIL0013,SESSION00184,2025-08-15 07:16:41,/contact,voir_page,ordinateur,Italie,417,200,Beaute,0.0
773,UTIL0142,SESSION00234,2025-02-20 03:04:23,/produits,cliquer_produit,ordinateur,Belgique,900,200,Gaming,0.0
774,UTIL0141,SESSION00196,2025-12-28 19:08:54,/commande,voir_page,tablette,Suisse,2304,404,Informatique,0.0
775,UTIL0178,SESSION00414,2025-07-27 18:48:41,/commande,ajouter_panier,ordinateur,Espagne,2179,500,Maison,0.0
776,UTIL0117,SESSION00215,2025-08-31 07:33:37,/panier,passer_commande,tablette,Pays-Bas,1999,200,Sport,0.0
777,UTIL0161,SESSION00193,2025-08-08 22:26:13,/produits,voir_page,mobile,Espagne,2367,200,Maison,0.0
778,UTIL0157,SESSION00010,2025-09-13 21:53:22,/details-produit,cliquer_produit,mobile,Allemagne,1796,200,Telephonie,0.0
779,UTIL0154,SESSION00334,2025-10-28 00:36:50,/promotion,voir_page,ordinateur,Allemagne,709,500,Mode,0.0
780,UTIL0196,SESSION00210,2025-07-20 02:34:24,/contact,cliquer_produit,ordinateur,Espagne,524,200,Sport,0.0
781,UTIL0048,SESSION00176,2025-02-23 21:35:11,/commande,cliquer_produit,ordinateur,Pays-Bas,2081,200,Maison,0.0
782,UTIL0146,SESSION00211,2025-04-30 09:42:33,/contact,voir_page,ordinateur,Espagne,315,200,Informatique,0.0
783,UTIL0201,SESSION00161,2025-02-26 04:34:26,/contact,voir_page,mobile,Suisse,361,200,Telephonie,0.0
784,UTIL0159,SESSION00443,2025-12-30 21:30:10,/panier,voir_page,tablette,Belgique,1351,200,Beaute,0.0
785,UTIL0142,SESSION00207,2025-01-04 04:28:04,/connexion,ajouter_panier,mobile,Belgique,1091,200,Beaute,0.0
786,UTIL0237,SESSION00590,2025-01-21 23:05:18,/connexion,passer_commande,tablette,Espagne,1500,200,Gaming,0.0
787,UTIL0090,SESSION00426,2025-05-08 05:57:39,/contact,ajouter_panier,tablette,Espagne,1955,200,Gaming,0.0
788,UTIL0202,SESSION00045,2025-05-03 05:17:56,/produits,voir_page,tablette,Belgique,1275,200,Informatique,0.0
789,UTIL0253,SESSION00422,2025-10-11 03:23:04,/panier,cliquer_produit,ordinateur,Belgique,1415,200,Maison,0.0
790,UTIL0023,SESSION00474,2025-01-14 02:40:44,/promotion,voir_page,tablette,Suisse,1971,200,Gaming,0.0
791,UTIL0204,SESSION00039,2025-01-06 08:07:45,/panier,voir_page,ordinateur,Italie,1981,200,Informatique,0.0
792,UTIL0225,SESSION00144,2025-08-30 08:53:10,/panier,voir_page,ordinateur,Pays-Bas,153,200,Maison,0.0
793,UTIL0201,SESSION00173,2025-02-09 21:48:00,/promotion,voir_page,tablette,Italie,708,200,Maison,0.0
794,UTIL0273,SESSION00222,2025-08-15 22:03:53,/accueil,voir_page,tablette,Pays-Bas,2221,200,Gaming,0.0
795,UTIL0200,SESSION00316,2025-08-16 01:38:00,/produits,cliquer_produit,ordinateur,Pays-Bas,1625,200,Maison,0.0
796,UTIL0103,SESSION00094,2025-01-09 13:01:00,/panier,voir_page,mobile,Pays-Bas,867,200,Informatique,0.0
797,UTIL0086,SESSION00172,2025-01-23 13:32:06,/produits,voir_page,mobile,Italie,2382,200,Beaute,0.0
798,UTIL0203,SESSION00439,2025-03-03 07:13:06,/promotion,voir_page,mobile,Italie,791,200,Gaming,0.0
799,UTIL0109,SESSION00470,2025-04-23 02:42:52,/contact,voir_page,mobile,Suisse,1591,200,Maison,0.0
800,UTIL0053,SESSION00550,2025-10-19 05:16:06,/connexion,voir_page,tablette,Italie,1671,200,Telephonie,0.0
801,UTIL0090,SESSION00326,2025-12-08 15:04:21,/paiement,cliquer_produit,ordinateur,Belgique,2476,200,Beaute,0.0
802,UTIL0258,SESSION00014,2025-04-30 00:39:48,/panier,cliquer_produit,ordinateur,Italie,1048,200,Telephonie,0.0
803,UTIL0031,SESSION00141,2025-07-11 15:18:12,/produits,voir_page,ordinateur,Espagne,917,200,Maison,0.0
804,UTIL0169,SESSION00138,2025-05-23 10:41:50,/connexion,passer_commande,ordinateur,Belgique,1779,200,Mode,0.0
805,UTIL0170,SESSION00351,2025-05-05 06:34:03,/panier,ajouter_panier,tablette,Allemagne,991,200,Sport,0.0
806,UTIL0227,SESSION00007,2025-02-03 15:04:12,/details-produit,cliquer_produit,ordinateur,Suisse,659,404,Maison,0.0
807,UTIL0105,SESSION00242,2025-09-17 02:27:46,/promotion,voir_page,mobile,Italie,752,200,Maison,0.0
808,UTIL0156,SESSION00293,2025-10-23 14:40:12,/panier,voir_page,mobile,Pays-Bas,2050,200,Mode,0.0
809,UTIL0242,SESSION00452,2025-08-05 16:39:47,/details-produit,voir_page,mobile,Pays-Bas,718,200,Telephonie,0.0
810,UTIL0219,SESSION00086,2025-06-03 19:34:09,/contact,cliquer_produit,tablette,Suisse,799,200,Sport,0.0
811,UTIL0193,SESSION00576,2025-11-07 15:04:21,/commande,voir_page,ordinateur,Suisse,2002,200,Maison,0.0
812,UTIL0192,SESSION00504,2025-07-27 13:25:47,/promotion,voir_page,mobile,Espagne,2085,200,Beaute,0.0
813,UTIL0064,SESSION00395,2025-10-17 05:12:48,/accueil,voir_page,mobile,Italie,1507,200,Sport,0.0
814,UTIL0030,SESSION00395,2025-08-06 23:15:15,/paiement,cliquer_produit,mobile,France,1560,200,Gaming,0.0
815,UTIL0134,SESSION00467,2025-12-15 04:16:15,/details-produit,voir_page,tablette,Belgique,741,200,Telephonie,0.0
816,UTIL0204,SESSION00083,2025-09-23 06:56:27,/contact,voir_page,ordinateur,Pays-Bas,1828,200,Mode,0.0
817,UTIL0196,SESSION00316,2025-07-30 23:55:05,/promotion,cliquer_produit,ordinateur,Suisse,2425,200,Mode,0.0
818,UTIL0108,SESSION00408,2025-12-24 09:00:10,/commande,ajouter_panier,mobile,France,476,200,Gaming,0.0
819,UTIL0148,SESSION00442,2025-03-29 05:23:11,/contact,voir_page,tablette,Allemagne,891,200,Beaute,0.0
820,UTIL0291,SESSION00218,2025-04-06 06:03:47,/connexion,achat,ordinateur,Pays-Bas,865,200,Telephonie,216.22
821,UTIL0086,SESSION00082,2025-05-31 02:24:07,/produits,cliquer_produit,mobile,France,1481,200,Maison,0.0
822,UTIL0005,SESSION00063,2025-05-17 00:42:37,/produits,cliquer_produit,ordinateur,France,944,200,Informatique,0.0
823,UTIL0137,SESSION00498,2025-08-31 10:38:27,/promotion,voir_page,mobile,Italie,1485,500,Telephonie,0.0
824,UTIL0205,SESSION00388,2025-11-09 01:22:55,/paiement,voir_page,mobile,Pays-Bas,490,200,Telephonie,0.0
825,UTIL0014,SESSION00126,2025-09-29 08:44:48,/details-produit,cliquer_produit,ordinateur,Italie,1931,200,Gaming,0.0
826,UTIL0212,SESSION00193,2025-01-02 20:52:20,/promotion,passer_commande,ordinateur,Suisse,1555,200,Telephonie,0.0
827,UTIL0120,SESSION00497,2025-07-24 23:39:50,/connexion,ajouter_panier,ordinateur,Italie,1832,404,Sport,0.0
828,UTIL0198,SESSION00301,2025-11-07 06:45:09,/produits,achat,tablette,Belgique,2146,200,Sport,402.47
829,UTIL0240,SESSION00173,2025-08-17 03:30:42,/promotion,voir_page,tablette,Allemagne,1076,200,Telephonie,0.0
830,UTIL0055,SESSION00446,2025-01-15 05:59:59,/produits,achat,mobile,Espagne,1228,200,Mode,339.65
831,UTIL0070,SESSION00548,2025-11-21 23:31:05,/produits,achat,tablette,Italie,996,404,Telephonie,0.0
832,UTIL0176,SESSION00387,2025-07-15 20:41:50,/produits,passer_commande,tablette,Pays-Bas,1869,200,Maison,0.0
833,UTIL0045,SESSION00115,2025-02-15 10:47:37,/commande,voir_page,ordinateur,Suisse,555,200,Maison,0.0
834,UTIL0296,SESSION00002,2025-06-09 01:37:34,/contact,passer_commande,ordinateur,Pays-Bas,1669,500,Mode,0.0
835,UTIL0267,SESSION00228,2025-02-24 12:00:34,/details-produit,ajouter_panier,mobile,Italie,672,200,Mode,0.0
836,UTIL0234,SESSION00151,2025-11-04 09:09:47,/connexion,ajouter_panier,tablette,Pays-Bas,220,200,Mode,0.0
837,UTIL0141,SESSION00588,2025-09-02 20:53:13,/produits,cliquer_produit,mobile,Italie,1622,200,Telephonie,0.0
838,UTIL0116,SESSION00054,2025-04-02 15:46:25,/panier,voir_page,mobile,Pays-Bas,732,500,Beaute,0.0
839,UTIL0243,SESSION00357,2025-07-20 12:04:33,/contact,voir_page,tablette,Italie,1236,200,Maison,0.0
840,UTIL0202,SESSION00100,2025-03-09 10:48:50,/promotion,ajouter_panier,tablette,Pays-Bas,301,200,Gaming,0.0
841,UTIL0296,SESSION00141,2025-08-15 22:30:18,/details-produit,voir_page,ordinateur,Allemagne,973,200,Maison,0.0
842,UTIL0186,SESSION00590,2025-02-22 21:50:54,/accueil,ajouter_panier,ordinateur,Espagne,1829,200,Maison,0.0
843,UTIL0183,SESSION00486,2025-04-02 01:07:32,/produits,passer_commande,tablette,Italie,1856,404,Gaming,0.0
844,UTIL0018,SESSION00122,2025-05-04 12:31:19,/panier,ajouter_panier,tablette,Belgique,786,200,Sport,0.0
845,UTIL0238,SESSION00392,2025-05-21 20:41:28,/produits,ajouter_panier,mobile,France,571,200,Informatique,0.0
846,UTIL0116,SESSION00024,2025-10-28 18:36:30,/promotion,cliquer_produit,mobile,Suisse,467,200,Maison,0.0
847,UTIL0153,SESSION00586,2025-03-06 03:20:04,/contact,voir_page,tablette,Pays-Bas,2281,200,Telephonie,0.0
848,UTIL0285,SESSION00550,2025-09-29 15:04:33,/contact,ajouter_panier,tablette,Belgique,588,200,Maison,0.0
849,UTIL0093,SESSION00185,2025-01-03 17:28:51,/produits,achat,mobile,France,240,200,Maison,333.27
850,UTIL0018,SESSION00087,2025-03-05 16:19:23,/commande,voir_page,tablette,Allemagne,1812,500,Gaming,0.0
851,UTIL0024,SESSION00532,2025-05-31 21:34:28,/commande,voir_page,ordinateur,Belgique,2088,200,Beaute,0.0
852,UTIL0276,SESSION00523,2025-04-18 22:06:42,/paiement,passer_commande,ordinateur,Allemagne,230,200,Mode,0.0
853,UTIL0069,SESSION00566,2025-04-21 18:22:17,/panier,passer_commande,ordinateur,Suisse,1808,200,Mode,0.0
854,UTIL0205,SESSION00468,2025-02-12 08:43:27,/details-produit,voir_page,tablette,Allemagne,2275,200,Gaming,0.0
855,UTIL0191,SESSION00578,2025-12-03 20:52:32,/panier,ajouter_panier,tablette,Allemagne,1799,200,Mode,0.0
856,UTIL0195,SESSION00027,2025-11-06 07:04:17,/contact,achat,ordinateur,Belgique,530,200,Sport,51.66
857,UTIL0171,SESSION00280,2025-03-16 07:17:00,/paiement,cliquer_produit,ordinateur,Espagne,990,200,Informatique,0.0
858,UTIL0090,SESSION00540,2025-06-06 18:52:51,/produits,ajouter_panier,mobile,France,2246,200,Beaute,0.0
859,UTIL0139,SESSION00102,2025-01-25 05:20:48,/promotion,passer_commande,mobile,Allemagne,1493,200,Gaming,0.0
860,UTIL0283,SESSION00413,2025-09-02 18:08:16,/promotion,achat,ordinateur,Suisse,2183,200,Gaming,80.66
861,UTIL0028,SESSION00380,2025-12-29 07:43:38,/commande,voir_page,mobile,Suisse,1955,200,Mode,0.0
862,UTIL0147,SESSION00283,2025-08-08 16:45:56,/promotion,ajouter_panier,ordinateur,Italie,436,404,Sport,0.0
863,UTIL0041,SESSION00079,2025-05-03 02:10:36,/produits,ajouter_panier,ordinateur,France,1250,200,Sport,0.0
864,UTIL0218,SESSION00521,2025-03-11 15:31:32,/accueil,ajouter_panier,tablette,Suisse,2260,200,Sport,0.0
865,UTIL0004,SESSION00436,2025-12-26 17:47:22,/panier,voir_page,ordinateur,Suisse,2243,200,Informatique,0.0
866,UTIL0269,SESSION00231,2025-03-31 02:23:53,/details-produit,cliquer_produit,ordinateur,Belgique,1527,404,Sport,0.0
867,UTIL0192,SESSION00116,2025-06-23 21:15:53,/details-produit,cliquer_produit,tablette,Pays-Bas,562,200,Sport,0.0
868,UTIL0002,SESSION00583,2025-07-21 06:59:19,/panier,voir_page,tablette,Belgique,225,404,Beaute,0.0
869,UTIL0183,SESSION00007,2025-11-12 14:21:19,/accueil,ajouter_panier,mobile,France,101,200,Gaming,0.0
870,UTIL0005,SESSION00104,2025-08-09 15:12:05,/paiement,voir_page,tablette,Belgique,709,200,Sport,0.0
871,UTIL0116,SESSION00482,2025-07-22 11:19:23,/commande,voir_page,mobile,Allemagne,2277,200,Informatique,0.0
872,UTIL0083,SESSION00144,2025-07-01 23:27:00,/connexion,achat,mobile,Pays-Bas,892,200,Mode,39.32
873,UTIL0017,SESSION00165,2025-12-08 06:30:42,/paiement,voir_page,mobile,France,1804,200,Sport,0.0
874,UTIL0167,SESSION00410,2025-09-14 23:59:47,/details-produit,ajouter_panier,mobile,Allemagne,529,404,Telephonie,0.0
875,UTIL0177,SESSION00513,2025-01-07 21:15:03,/details-produit,voir_page,tablette,Pays-Bas,1481,200,Beaute,0.0
876,UTIL0246,SESSION00297,2025-05-25 15:05:48,/contact,ajouter_panier,mobile,Allemagne,704,200,Maison,0.0
877,UTIL0135,SESSION00254,2025-12-08 13:12:30,/produits,voir_page,tablette,Pays-Bas,502,200,Beaute,0.0
878,UTIL0077,SESSION00235,2025-03-03 04:25:02,/panier,cliquer_produit,mobile,Allemagne,678,200,Beaute,0.0
879,UTIL0195,SESSION00418,2025-09-26 09:44:40,/accueil,voir_page,ordinateur,Allemagne,1456,200,Informatique,0.0
880,UTIL0156,SESSION00113,2025-05-18 11:17:22,/accueil,cliquer_produit,tablette,Espagne,1091,200,Informatique,0.0
881,UTIL0027,SESSION00330,2025-04-19 09:30:17,/accueil,voir_page,tablette,France,1844,200,Sport,0.0
882,UTIL0058,SESSION00100,2025-12-09 00:43:35,/commande,voir_page,ordinateur,Italie,1556,200,Mode,0.0
883,UTIL0191,SESSION00244,2025-11-29 08:13:37,/promotion,ajouter_panier,mobile,France,515,200,Gaming,0.0
884,UTIL0098,SESSION00198,2025-12-27 14:59:06,/accueil,cliquer_produit,ordinateur,Belgique,1484,200,Sport,0.0
885,UTIL0274,SESSION00158,2025-01-23 04:12:26,/panier,achat,tablette,Suisse,1114,200,Telephonie,429.65
886,UTIL0188,SESSION00460,2025-11-19 22:07:58,/paiement,passer_commande,mobile,France,2057,200,Beaute,0.0
887,UTIL0141,SESSION00133,2025-05-29 01:36:03,/details-produit,ajouter_panier,tablette,Allemagne,1708,200,Beaute,0.0
888,UTIL0085,SESSION00449,2025-09-18 12:35:49,/produits,passer_commande,mobile,Espagne,1192,200,Informatique,0.0
889,UTIL0005,SESSION00526,2025-08-22 16:45:46,/panier,voir_page,tablette,Italie,1322,200,Mode,0.0
890,UTIL0061,SESSION00176,2025-04-25 01:34:15,/promotion,ajouter_panier,mobile,France,686,404,Mode,0.0
891,UTIL0027,SESSION00255,2025-04-18 17:07:00,/commande,passer_commande,tablette,Italie,1591,200,Gaming,0.0
892,UTIL0069,SESSION00419,2025-11-10 09:20:03,/commande,passer_commande,tablette,Pays-Bas,122,200,Maison,0.0
893,UTIL0091,SESSION00263,2025-01-09 17:42:55,/commande,ajouter_panier,tablette,France,1644,404,Mode,0.0
894,UTIL0106,SESSION00453,2025-04-23 10:17:13,/promotion,passer_commande,tablette,Suisse,1699,200,Maison,0.0
895,UTIL0189,SESSION00152,2025-09-03 02:31:11,/contact,ajouter_panier,mobile,Allemagne,801,200,Sport,0.0
896,UTIL0145,SESSION00022,2025-06-08 05:56:11,/details-produit,achat,mobile,Suisse,849,200,Informatique,224.67
897,UTIL0052,SESSION00540,2025-03-12 23:48:51,/contact,cliquer_produit,ordinateur,Belgique,488,200,Informatique,0.0
898,UTIL0023,SESSION00136,2025-05-08 02:17:09,/accueil,voir_page,tablette,Belgique,135,200,Informatique,0.0
899,UTIL0278,SESSION00347,2025-12-29 02:12:08,/produits,achat,mobile,Pays-Bas,2385,200,Telephonie,98.31
900,UTIL0125,SESSION00058,2025-10-06 22:17:40,/details-produit,voir_page,tablette,France,166,200,Informatique,0.0
901,UTIL0262,SESSION00426,2025-03-14 00:58:14,/produits,cliquer_produit,ordinateur,Allemagne,1829,200,Mode,0.0
902,UTIL0197,SESSION00116,2025-09-09 05:07:14,/panier,cliquer_produit,ordinateur,Italie,1543,200,Mode,0.0
903,UTIL0023,SESSION00155,2025-04-02 13:33:21,/produits,voir_page,tablette,Allemagne,1821,200,Gaming,0.0
904,UTIL0179,SESSION00107,2025-05-19 15:42:23,/commande,cliquer_produit,mobile,Pays-Bas,392,200,Telephonie,0.0
905,UTIL0076,SESSION00328,2025-03-17 12:28:46,/details-produit,achat,mobile,Pays-Bas,355,200,Sport,480.6
906,UTIL0166,SESSION00131,2025-04-04 12:22:20,/produits,voir_page,mobile,Espagne,2051,200,Sport,0.0
907,UTIL0071,SESSION00252,2025-07-16 13:35:31,/paiement,cliquer_produit,tablette,Belgique,2097,200,Telephonie,0.0
908,UTIL0298,SESSION00432,2025-09-27 18:49:44,/produits,voir_page,tablette,Allemagne,437,200,Informatique,0.0
909,UTIL0186,SESSION00572,2025-08-31 04:58:07,/accueil,voir_page,ordinateur,Italie,1558,200,Telephonie,0.0
910,UTIL0151,SESSION00472,2025-03-15 17:59:58,/details-produit,ajouter_panier,mobile,Allemagne,943,200,Informatique,0.0
911,UTIL0074,SESSION00387,2025-01-14 22:27:23,/produits,ajouter_panier,ordinateur,Suisse,514,200,Informatique,0.0
912,UTIL0016,SESSION00151,2025-07-07 04:05:15,/details-produit,cliquer_produit,ordinateur,France,2411,200,Sport,0.0
913,UTIL0241,SESSION00144,2025-09-28 22:19:30,/details-produit,voir_page,mobile,Suisse,1461,200,Gaming,0.0
914,UTIL0057,SESSION00160,2025-01-31 20:02:38,/commande,cliquer_produit,ordinateur,Belgique,736,200,Telephonie,0.0
915,UTIL0284,SESSION00265,2025-10-20 16:19:45,/connexion,voir_page,ordinateur,Espagne,722,200,Informatique,0.0
916,UTIL0109,SESSION00411,2025-11-13 01:14:25,/details-produit,cliquer_produit,ordinateur,Pays-Bas,2370,200,Informatique,0.0
917,UTIL0245,SESSION00321,2025-12-01 20:25:52,/connexion,ajouter_panier,mobile,Allemagne,303,200,Gaming,0.0
918,UTIL0056,SESSION00107,2025-02-09 11:38:49,/commande,voir_page,mobile,France,1061,200,Beaute,0.0
919,UTIL0006,SESSION00317,2025-04-07 17:12:40,/panier,voir_page,ordinateur,Allemagne,1182,200,Beaute,0.0
920,UTIL0024,SESSION00050,2025-06-11 02:19:00,/connexion,cliquer_produit,mobile,Pays-Bas,1236,404,Beaute,0.0
921,UTIL0183,SESSION00133,2025-12-26 21:06:21,/contact,voir_page,mobile,Suisse,2142,200,Telephonie,0.0
922,UTIL0196,SESSION00489,2025-10-28 01:18:10,/accueil,ajouter_panier,ordinateur,Suisse,1976,200,Gaming,0.0
923,UTIL0111,SESSION00145,2025-03-24 16:33:46,/panier,voir_page,tablette,Suisse,2223,404,Mode,0.0
924,UTIL0174,SESSION00298,2025-07-04 19:54:27,/details-produit,voir_page,ordinateur,Suisse,1667,200,Beaute,0.0
925,UTIL0291,SESSION00510,2025-02-19 00:09:49,/details-produit,cliquer_produit,mobile,Belgique,437,200,Sport,0.0
926,UTIL0083,SESSION00070,2025-05-24 18:23:22,/commande,voir_page,ordinateur,France,813,200,Sport,0.0
927,UTIL0132,SESSION00453,2025-11-29 04:07:36,/connexion,voir_page,mobile,France,1568,200,Sport,0.0
928,UTIL0226,SESSION00376,2025-09-20 19:20:23,/details-produit,voir_page,ordinateur,Suisse,1772,200,Mode,0.0
929,UTIL0030,SESSION00251,2025-12-25 17:00:09,/accueil,passer_commande,ordinateur,Italie,1619,200,Sport,0.0
930,UTIL0199,SESSION00474,2025-12-09 02:22:29,/panier,passer_commande,mobile,Suisse,2271,404,Sport,0.0
931,UTIL0056,SESSION00407,2025-08-10 06:25:21,/details-produit,voir_page,ordinateur,Italie,1482,500,Sport,0.0
932,UTIL0059,SESSION00286,2025-08-21 01:34:09,/connexion,voir_page,mobile,Allemagne,954,200,Informatique,0.0
933,UTIL0032,SESSION00371,2025-08-09 15:13:03,/contact,achat,ordinateur,Pays-Bas,173,404,Gaming,0.0
934,UTIL0091,SESSION00086,2025-03-14 02:17:25,/commande,voir_page,ordinateur,Italie,1929,200,Beaute,0.0
935,UTIL0095,SESSION00056,2025-02-17 13:21:48,/commande,voir_page,mobile,Allemagne,893,200,Sport,0.0
936,UTIL0083,SESSION00448,2025-07-01 22:36:24,/promotion,cliquer_produit,ordinateur,Belgique,893,200,Gaming,0.0
937,UTIL0166,SESSION00325,2025-01-08 04:57:29,/details-produit,cliquer_produit,ordinateur,Espagne,1376,200,Gaming,0.0
938,UTIL0002,SESSION00462,2025-03-06 20:28:40,/promotion,voir_page,tablette,France,229,200,Maison,0.0
939,UTIL0086,SESSION00387,2025-04-21 11:13:12,/promotion,voir_page,tablette,Belgique,138,200,Mode,0.0
940,UTIL0258,SESSION00128,2025-12-25 15:41:29,/commande,voir_page,mobile,Espagne,1520,200,Beaute,0.0
941,UTIL0059,SESSION00181,2025-08-23 13:23:11,/paiement,voir_page,tablette,Belgique,746,200,Sport,0.0
942,UTIL0146,SESSION00102,2025-02-14 03:05:41,/contact,voir_page,ordinateur,Belgique,1764,200,Gaming,0.0
943,UTIL0052,SESSION00455,2025-09-15 18:51:02,/promotion,ajouter_panier,tablette,Italie,1802,200,Telephonie,0.0
944,UTIL0059,SESSION00201,2025-08-29 03:22:50,/contact,cliquer_produit,mobile,Espagne,1701,200,Mode,0.0
945,UTIL0146,SESSION00275,2025-12-04 08:19:53,/promotion,ajouter_panier,mobile,Suisse,1069,200,Sport,0.0
946,UTIL0079,SESSION00384,2025-09-23 23:38:20,/accueil,voir_page,mobile,Allemagne,2423,500,Maison,0.0
947,UTIL0099,SESSION00403,2025-01-27 18:27:08,/contact,cliquer_produit,tablette,Espagne,791,200,Mode,0.0
948,UTIL0119,SESSION00102,2025-12-30 04:32:07,/contact,cliquer_produit,tablette,Belgique,1685,200,Gaming,0.0
949,UTIL0082,SESSION00331,2025-04-15 02:05:01,/promotion,passer_commande,mobile,France,706,200,Gaming,0.0
950,UTIL0293,SESSION00392,2025-01-13 23:46:08,/produits,cliquer_produit,mobile,Suisse,1546,200,Gaming,0.0
951,UTIL0100,SESSION00549,2025-05-06 23:49:51,/commande,passer_commande,mobile,Pays-Bas,1146,200,Mode,0.0
952,UTIL0012,SESSION00594,2025-02-22 03:29:59,/details-produit,voir_page,tablette,France,518,200,Mode,0.0
953,UTIL0040,SESSION00507,2025-07-05 06:25:06,/produits,passer_commande,mobile,Pays-Bas,169,200,Sport,0.0
954,UTIL0108,SESSION00430,2025-07-12 10:40:58,/produits,achat,mobile,Pays-Bas,739,200,Informatique,453.75
955,UTIL0061,SESSION00352,2025-06-27 15:39:38,/accueil,cliquer_produit,tablette,France,728,200,Mode,0.0
956,UTIL0016,SESSION00549,2025-01-12 16:32:48,/panier,passer_commande,ordinateur,Allemagne,1574,200,Maison,0.0
957,UTIL0113,SESSION00086,2025-12-21 04:17:17,/details-produit,voir_page,mobile,Allemagne,456,200,Beaute,0.0
958,UTIL0254,SESSION00447,2025-09-20 12:59:12,/connexion,cliquer_produit,mobile,Allemagne,890,200,Gaming,0.0
959,UTIL0053,SESSION00598,2025-10-28 09:10:50,/contact,voir_page,ordinateur,Suisse,2078,200,Sport,0.0
960,UTIL0164,SESSION00111,2025-11-07 12:27:12,/commande,voir_page,tablette,Italie,1611,200,Telephonie,0.0
961,UTIL0018,SESSION00524,2025-05-10 18:26:18,/details-produit,voir_page,tablette,Pays-Bas,2252,200,Informatique,0.0
962,UTIL0220,SESSION00191,2025-07-03 07:04:13,/paiement,voir_page,tablette,Italie,1603,200,Mode,0.0
963,UTIL0006,SESSION00337,2025-04-20 14:36:50,/paiement,voir_page,mobile,Allemagne,2380,200,Mode,0.0
964,UTIL0112,SESSION00106,2025-10-15 08:45:38,/promotion,cliquer_produit,tablette,France,2430,200,Sport,0.0
965,UTIL0163,SESSION00328,2025-04-12 06:03:51,/contact,cliquer_produit,mobile,Espagne,271,500,Sport,0.0
966,UTIL0088,SESSION00335,2025-10-30 12:15:36,/connexion,voir_page,ordinateur,Italie,153,200,Telephonie,0.0
967,UTIL0237,SESSION00292,2025-03-09 12:02:57,/accueil,cliquer_produit,tablette,Belgique,240,200,Informatique,0.0
968,UTIL0213,SESSION00309,2025-05-21 10:48:22,/produits,voir_page,mobile,France,2359,200,Sport,0.0
969,UTIL0153,SESSION00466,2025-09-10 20:58:07,/contact,cliquer_produit,mobile,Belgique,500,200,Informatique,0.0
970,UTIL0054,SESSION00331,2025-12-19 23:27:14,/details-produit,ajouter_panier,ordinateur,France,862,200,Telephonie,0.0
971,UTIL0003,SESSION00054,2025-05-13 01:07:03,/promotion,voir_page,mobile,France,1160,200,Beaute,0.0
972,UTIL0139,SESSION00175,2025-03-12 18:29:07,/contact,ajouter_panier,ordinateur,Italie,686,200,Telephonie,0.0
973,UTIL0229,SESSION00126,2025-09-25 16:15:36,/contact,achat,mobile,Suisse,2087,500,Mode,0.0
974,UTIL0116,SESSION00095,2025-05-16 09:45:05,/connexion,ajouter_panier,mobile,Belgique,1072,200,Gaming,0.0
975,UTIL0039,SESSION00507,2025-01-31 06:00:42,/produits,passer_commande,ordinateur,Espagne,1657,200,Informatique,0.0
976,UTIL0264,SESSION00321,2025-06-09 22:29:41,/promotion,voir_page,ordinateur,Pays-Bas,2146,200,Maison,0.0
977,UTIL0198,SESSION00464,2025-11-14 16:12:49,/paiement,voir_page,mobile,Allemagne,361,200,Maison,0.0
978,UTIL0076,SESSION00473,2025-02-24 23:07:15,/produits,cliquer_produit,ordinateur,Espagne,846,200,Sport,0.0
979,UTIL0181,SESSION00272,2025-03-02 17:05:22,/connexion,cliquer_produit,mobile,Allemagne,696,200,Sport,0.0
980,UTIL0226,SESSION00280,2025-07-09 03:03:41,/accueil,cliquer_produit,mobile,Suisse,1810,200,Maison,0.0
981,UTIL0272,SESSION00506,2025-09-23 13:06:43,/commande,voir_page,ordinateur,Suisse,1099,404,Maison,0.0
982,UTIL0295,SESSION00273,2025-05-03 02:34:06,/accueil,voir_page,mobile,Allemagne,1737,200,Informatique,0.0
983,UTIL0254,SESSION00211,2025-03-29 06:22:40,/commande,voir_page,mobile,Suisse,1259,200,Informatique,0.0
984,UTIL0157,SESSION00245,2025-03-29 10:43:04,/connexion,voir_page,ordinateur,Allemagne,1440,200,Maison,0.0
985,UTIL0220,SESSION00343,2025-01-11 05:16:56,/connexion,achat,ordinateur,Allemagne,119,200,Sport,299.92
986,UTIL0242,SESSION00113,2025-01-24 00:36:43,/panier,cliquer_produit,mobile,Pays-Bas,1015,200,Maison,0.0
987,UTIL0052,SESSION00312,2025-06-21 14:31:47,/produits,ajouter_panier,mobile,Belgique,1134,200,Mode,0.0
988,UTIL0181,SESSION00309,2025-12-30 10:57:33,/accueil,voir_page,tablette,Pays-Bas,2063,200,Gaming,0.0
989,UTIL0076,SESSION00421,2025-04-23 21:09:22,/accueil,cliquer_produit,mobile,France,1080,200,Gaming,0.0
990,UTIL0106,SESSION00092,2025-04-10 12:40:06,/paiement,achat,mobile,Suisse,2311,200,Sport,493.92
991,UTIL0136,SESSION00358,2025-06-19 12:37:26,/details-produit,passer_commande,mobile,Italie,860,200,Beaute,0.0
992,UTIL0222,SESSION00466,2025-10-18 11:18:07,/produits,ajouter_panier,ordinateur,Espagne,682,200,Maison,0.0
993,UTIL0286,SESSION00167,2025-06-05 15:18:04,/commande,cliquer_produit,mobile,France,1939,200,Mode,0.0
994,UTIL0028,SESSION00501,2025-06-06 00:27:22,/produits,ajouter_panier,tablette,Pays-Bas,82,200,Maison,0.0
995,UTIL0258,SESSION00575,2025-03-21 02:45:17,/commande,voir_page,ordinateur,Suisse,885,200,Informatique,0.0
996,UTIL0243,SESSION00364,2025-05-08 21:40:24,/accueil,voir_page,mobile,Espagne,481,200,Mode,0.0
997,UTIL0289,SESSION00447,2025-12-14 10:51:37,/details-produit,cliquer_produit,ordinateur,Suisse,897,200,Sport,0.0
998,UTIL0157,SESSION00088,2025-06-02 18:59:40,/commande,cliquer_produit,mobile,Belgique,831,200,Telephonie,0.0
999,UTIL0270,SESSION00453,2025-12-22 10:32:59,/details-produit,voir_page,tablette,Suisse,1544,200,Sport,0.0
1000,UTIL0237,SESSION00029,2025-10-14 00:49:26,/contact,cliquer_produit,ordinateur,Pays-Bas,655,200,Mode,0.0
